Vuosi,Kk,Pv,Klo,Aikavyöhyke,Sademäärä (mm),Sateen intensiteetti (mm/h),Lumensyvyys (cm),Ilman lämpötila (degC),Näkyvyys (m),Tuulen nopeus (m/s)
2023,1,1,00:00,UTC,0,0,9,4,16540,6.3
2023,1,1,01:00,UTC,0,0,9,3.8,20440,6.4
2023,1,1,02:00,UTC,0,0,9,3,20650,4.5
2023,1,1,03:00,UTC,0,0,9,2.3,23720,4
2023,1,1,04:00,UTC,0,0,9,1.9,27450,4.5
2023,1,1,05:00,UTC,0,0,9,1.1,29880,4.2
2023,1,1,06:00,UTC,0,0,9,0.7,33940,3.4
2023,1,1,07:00,UTC,0,0,9,-0.1,31440,3.4
2023,1,1,08:00,UTC,0,0,9,-0.3,32730,3.8
2023,1,1,09:00,UTC,0,0,9,0.2,38090,3.6
2023,1,1,10:00,UTC,0,0,9,-0.5,32110,2.9
2023,1,1,11:00,UTC,0,0,9,0.2,39460,2.8
2023,1,1,12:00,UTC,0,0,9,0.4,49970,2.8
2023,1,1,13:00,UTC,0,0,9,-0.4,47530,3.5
2023,1,1,14:00,UTC,0,0,9,-1.2,46100,3
2023,1,1,15:00,UTC,0,0,9,-1.4,48950,4
2023,1,1,16:00,UTC,0,0,9,-2.1,50000,3.3
2023,1,1,17:00,UTC,0,0,9,-2.4,50000,3.9
2023,1,1,18:00,UTC,0,0,9,-2.3,50000,4.8
2023,1,1,19:00,UTC,0,0,9,-2.3,50000,4.5
2023,1,1,20:00,UTC,0,0,9,-2.8,49330,4.2
2023,1,1,21:00,UTC,0,0,9,-2.7,50000,4.3
2023,1,1,22:00,UTC,0,0,9,-2.5,50000,4.6
2023,1,1,23:00,UTC,0,0,9,-2.1,50000,4.9
2023,1,2,00:00,UTC,0,0,9,-2.6,43900,4.5
2023,1,2,01:00,UTC,0,0,9,-2.4,49920,5.6
2023,1,2,02:00,UTC,0,0,10,-2.2,48360,5.7
2023,1,2,03:00,UTC,0,0,9,-2.2,45240,4.4
2023,1,2,04:00,UTC,0,0,9,-2,46900,5.9
2023,1,2,05:00,UTC,0,0,9,-2.8,39810,4.3
2023,1,2,06:00,UTC,0,0,9,-3.2,31030,3.4
2023,1,2,07:00,UTC,0,0,10,-3.5,36060,3.8
2023,1,2,08:00,UTC,0,0,10,-3.4,25920,3.5
2023,1,2,09:00,UTC,0,0,10,-3.3,20570,1.8
2023,1,2,10:00,UTC,0,0,10,-2.5,22710,0.6
2023,1,2,11:00,UTC,0,0,10,-2.5,26800,2.4
2023,1,2,12:00,UTC,0,0,10,-2.4,19240,0.5
2023,1,2,13:00,UTC,0,0,10,-2.1,23740,1.9
2023,1,2,14:00,UTC,0,0,10,-1.8,15410,2
2023,1,2,15:00,UTC,0,0,10,-1.5,16870,2
2023,1,2,16:00,UTC,0,0,10,-0.3,26400,3.7
2023,1,2,17:00,UTC,0,0,10,0.6,50000,4.3
2023,1,2,18:00,UTC,0,0,10,0.8,50000,3.6
2023,1,2,19:00,UTC,0,0,10,0.9,50000,4.4
2023,1,2,20:00,UTC,0,0,10,1,21620,5
2023,1,2,21:00,UTC,0.1,0.3,10,0.8,8740,4.6
2023,1,2,22:00,UTC,0.1,0.5,10,0.1,2420,5.4
2023,1,2,23:00,UTC,0.7,0.8,10,-0.4,1690,5.1
2023,1,3,00:00,UTC,1,0.7,16,-0.4,1980,5.8
2023,1,3,01:00,UTC,0.9,0.7,11,-0.1,1350,6.2
2023,1,3,02:00,UTC,0.9,1.1,12,0.1,1350,6.9
2023,1,3,03:00,UTC,0.8,1.1,13,-0.3,1280,6.5
2023,1,3,04:00,UTC,0.9,0.7,14,-0.5,1260,5.3
2023,1,3,05:00,UTC,0.8,0.7,16,-0.5,1690,5.8
2023,1,3,06:00,UTC,0.5,0.4,16,-0.3,2840,6.1
2023,1,3,07:00,UTC,0.1,0,16,-0.5,6360,5.2
2023,1,3,08:00,UTC,0.1,0,16,-0.1,22800,5.4
2023,1,3,09:00,UTC,0,0,16,-0.3,41710,3.8
2023,1,3,10:00,UTC,0,0,16,-0.7,37110,4.4
2023,1,3,11:00,UTC,0,0,16,-1.1,35600,3.9
2023,1,3,12:00,UTC,0,0,15,-1.1,32670,3.6
2023,1,3,13:00,UTC,0,0,15,-1.1,38480,3.6
2023,1,3,14:00,UTC,0,0,15,-1.2,44760,2.8
2023,1,3,15:00,UTC,0,0,15,-1.3,38290,2.3
2023,1,3,16:00,UTC,0,0,15,-1.7,29330,2.5
2023,1,3,17:00,UTC,0,0,15,-1.8,28240,2.2
2023,1,3,18:00,UTC,0,0,15,-1.9,27080,2.3
2023,1,3,19:00,UTC,0,0,15,-1.9,28210,2.8
2023,1,3,20:00,UTC,0,0,14,-2.1,29410,2
2023,1,3,21:00,UTC,0,0,13,-2,17380,0.8
2023,1,3,22:00,UTC,0,0,14,-1.8,7850,2.5
2023,1,3,23:00,UTC,0.2,0.2,15,-1.3,2380,1.5
2023,1,4,00:00,UTC,0.5,0.2,17,-1.3,1900,1.1
2023,1,4,01:00,UTC,0.3,0.4,17,-1.6,3230,2.4
2023,1,4,02:00,UTC,0,0,17,-1.8,5270,1.8
2023,1,4,03:00,UTC,0,0,17,-1.7,4160,1.9
2023,1,4,04:00,UTC,0.1,0,17,-2,7070,2.9
2023,1,4,05:00,UTC,0,0,17,-2.3,44900,3.2
2023,1,4,06:00,UTC,0,0,17,-2.6,43650,2.7
2023,1,4,07:00,UTC,0,0,17,-2.7,46220,3.8
2023,1,4,08:00,UTC,0,0,17,-2.6,50000,2.9
2023,1,4,09:00,UTC,0,0,17,-2.8,50000,3.4
2023,1,4,10:00,UTC,0,0,17,-3.2,50000,3.3
2023,1,4,11:00,UTC,0,0,17,-3.1,48830,2.3
2023,1,4,12:00,UTC,0,0,17,-3,23570,1.4
2023,1,4,13:00,UTC,0,0,17,-3.1,50000,2.3
2023,1,4,14:00,UTC,0,0,17,-3.8,41470,3.1
2023,1,4,15:00,UTC,0,0,17,-4.8,49350,3
2023,1,4,16:00,UTC,0,0,17,-5.4,43440,3
2023,1,4,17:00,UTC,0,0,17,-6.6,40150,3.8
2023,1,4,18:00,UTC,0,0,17,-7.5,34810,2.9
2023,1,4,19:00,UTC,0,0,17,-8.4,29090,2.8
2023,1,4,20:00,UTC,0,0,17,-8.9,25740,2.7
2023,1,4,21:00,UTC,0,0,17,-9.5,29630,3.5
2023,1,4,22:00,UTC,0,0,17,-9.9,29740,3.7
2023,1,4,23:00,UTC,0,0,17,-10.4,32570,4.2
2023,1,5,00:00,UTC,0,0,16,-10.4,27150,4.2
2023,1,5,01:00,UTC,0,0,17,-10.8,39530,5.7
2023,1,5,02:00,UTC,0,0,16,-10.6,38070,5.8
2023,1,5,03:00,UTC,0,0,16,-11.1,30720,5.6
2023,1,5,04:00,UTC,0,0,17,-11.3,29730,4.6
2023,1,5,05:00,UTC,0,0,17,-11.3,29840,4.9
2023,1,5,06:00,UTC,0,0,17,-11.3,32330,5.7
2023,1,5,07:00,UTC,0,0,17,-11,33400,5.9
2023,1,5,08:00,UTC,0,0,17,-10.9,32460,5.7
2023,1,5,09:00,UTC,0,0,17,-10.2,30790,6.2
2023,1,5,10:00,UTC,0,0,17,-9.5,36480,6.1
2023,1,5,11:00,UTC,0,0,17,-9.3,39330,5.3
2023,1,5,12:00,UTC,0,0,17,-9.1,37120,5.5
2023,1,5,13:00,UTC,0,0,16,-9.4,42280,5
2023,1,5,14:00,UTC,0,0,17,-10.2,48730,4.9
2023,1,5,15:00,UTC,0,0,17,-10.7,26430,4
2023,1,5,16:00,UTC,0,0,16,-10.9,32790,3.5
2023,1,5,17:00,UTC,0,0,17,-10.5,32860,5.3
2023,1,5,18:00,UTC,0,0,17,-10.4,36560,5.4
2023,1,5,19:00,UTC,0,0,17,-10.1,35710,4.2
2023,1,5,20:00,UTC,0,0,17,-9.8,35800,4
2023,1,5,21:00,UTC,0,0,17,-8.8,50000,3.4
2023,1,5,22:00,UTC,0,0,17,-8.2,24700,2.7
2023,1,5,23:00,UTC,0,0,17,-7.9,22200,1.9
2023,1,6,00:00,UTC,0,0,17,-7.6,46610,3.7
2023,1,6,01:00,UTC,0,0,17,-7.5,50000,3.3
2023,1,6,02:00,UTC,0,0,17,-7.5,50000,3.3
2023,1,6,03:00,UTC,0,0,17,-8.1,50000,3.4
2023,1,6,04:00,UTC,0,0,16,-8.7,50000,3.1
2023,1,6,05:00,UTC,0,0,16,-9.2,50000,3.2
2023,1,6,06:00,UTC,0,0,16,-9.6,50000,3
2023,1,6,07:00,UTC,0,0,16,-10.5,50000,3.4
2023,1,6,08:00,UTC,0,0,16,-10.5,48740,3.9
2023,1,6,09:00,UTC,0,0,16,-8.7,50000,3.2
2023,1,6,10:00,UTC,0,0,16,-8.4,47840,1.6
2023,1,6,11:00,UTC,0,0,16,-7.4,40790,1.8
2023,1,6,12:00,UTC,0,0,16,-7.1,49930,2.9
2023,1,6,13:00,UTC,0,0,16,-7.2,50000,2.6
2023,1,6,14:00,UTC,0,0,16,-7.3,49580,2.6
2023,1,6,15:00,UTC,0,0,16,-7.5,50000,2.9
2023,1,6,16:00,UTC,0,0,16,-7.6,50000,3.5
2023,1,6,17:00,UTC,0,0,16,-7.6,50000,3.5
2023,1,6,18:00,UTC,0,0,16,-7.5,50000,4.2
2023,1,6,19:00,UTC,0,0,16,-7.4,50000,3.4
2023,1,6,20:00,UTC,0,0,16,-7.4,38230,4.2
2023,1,6,21:00,UTC,0,0,16,-7.4,37500,2.7
2023,1,6,22:00,UTC,0,0,16,-7.4,7420,2.6
2023,1,6,23:00,UTC,0,0,16,-6,49080,3.5
2023,1,7,00:00,UTC,0,0,16,-5.6,50000,4.5
2023,1,7,01:00,UTC,0,0,16,-5.9,49400,6.2
2023,1,7,02:00,UTC,0,0,16,-6.6,50000,5.7
2023,1,7,03:00,UTC,0,0,16,-6.6,50000,5.8
2023,1,7,04:00,UTC,0,0,16,-6.6,50000,7.2
2023,1,7,05:00,UTC,0,0,16,-6.9,50000,6.9
2023,1,7,06:00,UTC,0,0,16,-7,50000,6.8
2023,1,7,07:00,UTC,0,0,16,-7.1,50000,7.3
2023,1,7,08:00,UTC,0,0,16,-7.1,50000,6.5
2023,1,7,09:00,UTC,0,0,16,-7.1,50000,7.3
2023,1,7,10:00,UTC,0,0,16,-7.7,50000,7.5
2023,1,7,11:00,UTC,0,0,16,-8.1,50000,7
2023,1,7,12:00,UTC,0,0,16,-7.9,48110,7
2023,1,7,13:00,UTC,0,0,17,-7.6,45280,5.6
2023,1,7,14:00,UTC,0,0,17,-7.7,50000,6.7
2023,1,7,15:00,UTC,0,0,17,-7.7,50000,6.7
2023,1,7,16:00,UTC,0,0,17,-7.6,50000,5.6
2023,1,7,17:00,UTC,0,0,17,-7.6,47790,6.3
2023,1,7,18:00,UTC,0,0,17,-7.5,48380,4.7
2023,1,7,19:00,UTC,0,0,17,-7.6,50000,5.8
2023,1,7,20:00,UTC,0,0,17,-7.9,50000,5.8
2023,1,7,21:00,UTC,0,0,17,-7.8,44020,5.7
2023,1,7,22:00,UTC,0,0,17,-7.8,30340,4.7
2023,1,7,23:00,UTC,0,0,17,-7.8,18270,4.6
2023,1,8,00:00,UTC,0,0,17,-8.1,27600,5.3
2023,1,8,01:00,UTC,0,0,17,-8.2,24110,4.8
2023,1,8,02:00,UTC,0,0,17,-7.7,11170,4
2023,1,8,03:00,UTC,0,0,17,-7.3,6480,5.4
2023,1,8,04:00,UTC,0,0,17,-7.1,4280,5.8
2023,1,8,05:00,UTC,0,0,17,-7.4,10440,6.5
2023,1,8,06:00,UTC,0,0,17,-7.6,15570,5.7
2023,1,8,07:00,UTC,0,0,17,-7.5,14850,6.2
2023,1,8,08:00,UTC,0,0,17,-7.2,12090,5.5
2023,1,8,09:00,UTC,0,0,17,-6.6,14010,5.3
2023,1,8,10:00,UTC,0,0,17,-6.8,14410,5.5
2023,1,8,11:00,UTC,0,0,17,-6.5,13000,5.6
2023,1,8,12:00,UTC,0,0,17,-6.3,11220,6.5
2023,1,8,13:00,UTC,0.2,0.7,17,-6.2,1810,6.1
2023,1,8,14:00,UTC,0.4,0.2,17,-6.3,3560,6
2023,1,8,15:00,UTC,0.4,0.7,17,-6,910,7.1
2023,1,8,16:00,UTC,0.4,0,17,-6.2,2210,7.4
2023,1,8,17:00,UTC,0.2,0,16,-6.3,8770,6.3
2023,1,8,18:00,UTC,0.1,0,18,-6.2,5170,6.3
2023,1,8,19:00,UTC,0.3,0.7,18,-6.1,2530,6.6
2023,1,8,20:00,UTC,0.3,0,18,-5.8,7230,6
2023,1,8,21:00,UTC,0,0,18,-5.5,9760,5.8
2023,1,8,22:00,UTC,0,0,18,-5.2,9620,7
2023,1,8,23:00,UTC,0,0,18,-5,11130,8
2023,1,9,00:00,UTC,0,0,18,-4.7,11890,7.6
2023,1,9,01:00,UTC,0,0,18,-4.5,12860,7.2
2023,1,9,02:00,UTC,0,0,18,-4.1,19040,6.7
2023,1,9,03:00,UTC,0,0,18,-4.1,24130,7
2023,1,9,04:00,UTC,0,0,18,-4.6,22900,7.3
2023,1,9,05:00,UTC,0,0,18,-4.8,17400,8.1
2023,1,9,06:00,UTC,0.6,1,18,-4.9,830,6.3
2023,1,9,07:00,UTC,1.3,1.8,19,-4.9,510,8.2
2023,1,9,08:00,UTC,1.7,1.8,21,-4.8,770,8.6
2023,1,9,09:00,UTC,1.8,2.3,23,-4.7,500,7.1
2023,1,9,10:00,UTC,2.1,1.5,25,-4.9,600,8.2
2023,1,9,11:00,UTC,1.7,1.4,26,-4.7,820,7.5
2023,1,9,12:00,UTC,1,1,27,-4.5,1460,7.3
2023,1,9,13:00,UTC,0.5,0.5,27,-4.5,1770,8.2
2023,1,9,14:00,UTC,0.5,0.4,27,-4.6,1630,7.8
2023,1,9,15:00,UTC,0.4,0.4,28,-4.6,1420,7.8
2023,1,9,16:00,UTC,0.3,0,28,-4.4,2710,6.3
2023,1,9,17:00,UTC,0.1,0,28,-4.3,6770,6
2023,1,9,18:00,UTC,0,0,28,-4,14220,6.3
2023,1,9,19:00,UTC,0,0,28,-4,14000,5.5
2023,1,9,20:00,UTC,0,0,28,-3.8,17150,5.7
2023,1,9,21:00,UTC,0,0,28,-3.5,15960,5.5
2023,1,9,22:00,UTC,0,0,28,-3.5,18350,7.2
2023,1,9,23:00,UTC,0,0,28,-3.5,18830,7.3
2023,1,10,00:00,UTC,0,0,30,-3.6,22660,6.1
2023,1,10,01:00,UTC,0,0,27,-3.8,19990,5.5
2023,1,10,02:00,UTC,0,0,27,-3.9,21730,6
2023,1,10,03:00,UTC,0.1,0.3,27,-4.4,1940,6.7
2023,1,10,04:00,UTC,0.4,0.2,27,-4.6,3400,5.6
2023,1,10,05:00,UTC,0.8,1.3,29,-4.6,920,7.3
2023,1,10,06:00,UTC,0.5,0.5,30,-4.3,1820,6.7
2023,1,10,07:00,UTC,0.4,0.3,30,-4.2,1980,5.5
2023,1,10,08:00,UTC,0.5,1,30,-4.1,1170,5.9
2023,1,10,09:00,UTC,0.2,0,30,-3.8,5690,4.6
2023,1,10,10:00,UTC,0.3,0,31,-3.2,5000,4.4
2023,1,10,11:00,UTC,0.2,0.4,31,-3.1,2500,4.8
2023,1,10,12:00,UTC,0,0,31,-2.6,13170,4.7
2023,1,10,13:00,UTC,0,0,31,-2,9900,4
2023,1,10,14:00,UTC,0.1,0.5,31,-1.8,1930,4.5
2023,1,10,15:00,UTC,0.2,0.3,31,-1.1,3220,3.5
2023,1,10,16:00,UTC,0.1,0,31,0,1520,3.9
2023,1,10,17:00,UTC,0,0,31,0.8,2270,5.1
2023,1,10,18:00,UTC,0.1,0,31,1.6,7360,7.6
2023,1,10,19:00,UTC,0.1,0.4,31,1.7,1860,6.8
2023,1,10,20:00,UTC,0,0,30,1.8,3570,6.3
2023,1,10,21:00,UTC,0.1,0.2,30,1.8,3330,6
2023,1,10,22:00,UTC,0.1,0.3,29,2,1560,7.3
2023,1,10,23:00,UTC,0.1,0,28,1.8,2520,5.6
2023,1,11,00:00,UTC,0.2,0,28,1.8,1540,5.5
2023,1,11,01:00,UTC,0.3,0.3,28,1.7,1540,5.9
2023,1,11,02:00,UTC,0.3,0.3,28,1.7,3910,6.6
2023,1,11,03:00,UTC,0.1,0,27,1.7,5970,6.8
2023,1,11,04:00,UTC,0.1,0,27,1.6,6230,5.7
2023,1,11,05:00,UTC,0,0,27,1.8,3560,6.5
2023,1,11,06:00,UTC,0,0,26,1.8,8980,7
2023,1,11,07:00,UTC,0.1,0,26,2,10630,5.8
2023,1,11,08:00,UTC,0,0,25,2.1,7480,7.1
2023,1,11,09:00,UTC,0,0,25,2.1,14740,7.6
2023,1,11,10:00,UTC,0,0,25,1.8,14580,6.1
2023,1,11,11:00,UTC,0,0,24,1.8,12820,6.5
2023,1,11,12:00,UTC,0,0,24,1.7,16360,7
2023,1,11,13:00,UTC,0,0,24,1.7,19760,6.7
2023,1,11,14:00,UTC,0,0,24,1.7,35410,6.7
2023,1,11,15:00,UTC,0,0,24,1.9,21740,7.7
2023,1,11,16:00,UTC,0.4,0.4,23,1.3,16500,7.6
2023,1,11,17:00,UTC,0.4,1,23,1.3,4950,9.3
2023,1,11,18:00,UTC,1.3,1.4,24,0.7,2810,9.1
2023,1,11,19:00,UTC,0.3,0,23,0.9,3810,8.7
2023,1,11,20:00,UTC,0.3,0.3,24,0.9,3400,7.5
2023,1,11,21:00,UTC,0.2,0.3,23,0.9,2600,8.5
2023,1,11,22:00,UTC,0.1,0,23,0.8,3110,8.2
2023,1,11,23:00,UTC,0.7,1.1,22,0.5,2070,6.7
2023,1,12,00:00,UTC,0.9,0.7,23,0.5,3020,6.6
2023,1,12,01:00,UTC,0.8,0.5,22,0.6,4220,8.1
2023,1,12,02:00,UTC,0.4,0.2,23,0.6,6580,5.5
2023,1,12,03:00,UTC,0.5,0.8,23,0.7,4190,6.1
2023,1,12,04:00,UTC,0.6,1,23,0.7,3840,5.7
2023,1,12,05:00,UTC,0.6,0.8,23,0.6,4250,5.5
2023,1,12,06:00,UTC,0.6,1,24,0.7,2840,6.2
2023,1,12,07:00,UTC,0.6,0.2,24,1.1,3440,6.6
2023,1,12,08:00,UTC,0.3,0.2,24,1,2180,4.7
2023,1,12,09:00,UTC,0.6,0.6,24,1.2,1960,6.2
2023,1,12,10:00,UTC,0.2,0,23,1.3,5800,6.6
2023,1,12,11:00,UTC,0,0,23,1.5,2180,6.3
2023,1,12,12:00,UTC,0,0,23,1.8,2650,6.5
2023,1,12,13:00,UTC,0,0,23,2,11550,6.2
2023,1,12,14:00,UTC,0.1,0.2,22,2.1,12490,7.2
2023,1,12,15:00,UTC,0,0,22,1.8,11070,7.2
2023,1,12,16:00,UTC,0.9,1,22,1.8,6600,7.3
2023,1,12,17:00,UTC,0,0,22,2.1,21450,8.2
2023,1,12,18:00,UTC,0,0,23,2.5,16070,9.3
2023,1,12,19:00,UTC,0,0,23,2.2,11770,6.6
2023,1,12,20:00,UTC,0,0,22,2.5,10990,7
2023,1,12,21:00,UTC,0.3,0.8,21,2.3,5350,6.3
2023,1,12,22:00,UTC,0.2,0.4,21,2.2,8790,7.1
2023,1,12,23:00,UTC,1.8,1.5,20,1.6,5650,5.3
2023,1,13,00:00,UTC,1.5,1.5,20,1.1,3900,4.3
2023,1,13,01:00,UTC,2.4,2.8,20,0.2,1220,3.4
2023,1,13,02:00,UTC,1.2,1,21,0.3,2160,1.9
2023,1,13,03:00,UTC,0.7,0.2,21,0.2,7200,0.9
2023,1,13,04:00,UTC,0,0,21,0.3,22640,3
2023,1,13,05:00,UTC,0,0,21,0.3,4820,3.4
2023,1,13,06:00,UTC,0,0,20,0.2,5450,3.9
2023,1,13,07:00,UTC,0,0,22,0.3,830,3.2
2023,1,13,08:00,UTC,0,0,22,0.6,3880,3.2
2023,1,13,09:00,UTC,0,0,22,1.5,4580,2.8
2023,1,13,10:00,UTC,0,0,21,2,18630,3.5
2023,1,13,11:00,UTC,0,0,21,2.4,48370,3.4
2023,1,13,12:00,UTC,0,0,20,2.4,50000,3.8
2023,1,13,13:00,UTC,0,0,20,2,5760,4.2
2023,1,13,14:00,UTC,0.3,0.8,21,2,4310,5.2
2023,1,13,15:00,UTC,0.8,0.8,20,2.4,9040,5.7
2023,1,13,16:00,UTC,0.6,0,20,2.9,11420,6.5
2023,1,13,17:00,UTC,0.9,1.4,20,3,3600,7
2023,1,13,18:00,UTC,0.7,0.2,19,2.8,7060,7
2023,1,13,19:00,UTC,0,0,20,3.3,2180,6.5
2023,1,13,20:00,UTC,0,0,19,3.3,8910,6.3
2023,1,13,21:00,UTC,0,0,19,3.4,12570,7.1
2023,1,13,22:00,UTC,0,0,18,3,11140,5.3
2023,1,13,23:00,UTC,0,0,18,3.2,11020,5.3
2023,1,14,00:00,UTC,0,0,18,3.4,9350,4.6
2023,1,14,01:00,UTC,0,0,18,3.3,11490,5.8
2023,1,14,02:00,UTC,0,0,17,2.8,9840,5.3
2023,1,14,03:00,UTC,0,0,17,3.5,11030,6.3
2023,1,14,04:00,UTC,0,0,17,3.4,12770,6.2
2023,1,14,05:00,UTC,0,0,17,3.1,12300,6
2023,1,14,06:00,UTC,0,0,16,2.9,16570,5.6
2023,1,14,07:00,UTC,0,0,16,3,15600,6.3
2023,1,14,08:00,UTC,0.1,0,16,3.2,12660,7.3
2023,1,14,09:00,UTC,0.2,0,16,3.1,11900,7.2
2023,1,14,10:00,UTC,0,0,15,3,12540,5.9
2023,1,14,11:00,UTC,0,0,15,3.3,31810,5.7
2023,1,14,12:00,UTC,0.4,1.6,15,3.3,9050,6.1
2023,1,14,13:00,UTC,0.8,0,15,3.1,27810,5.7
2023,1,14,14:00,UTC,1,0.4,14,2.8,6750,5.7
2023,1,14,15:00,UTC,0.3,0,14,3.1,3930,5.7
2023,1,14,16:00,UTC,0.5,0.3,14,3.2,3450,7.1
2023,1,14,17:00,UTC,1.5,0,14,3,9780,8.1
2023,1,14,18:00,UTC,0.1,0,13,2.8,2690,6.5
2023,1,14,19:00,UTC,0.2,0.3,13,2.7,3850,8.2
2023,1,14,20:00,UTC,0.1,0,13,2.5,20470,7.3
2023,1,14,21:00,UTC,0,0,13,2.7,19640,7
2023,1,14,22:00,UTC,0,0,13,2.7,20810,6.2
2023,1,14,23:00,UTC,0,0,13,2.7,10370,7.3
2023,1,15,00:00,UTC,0.4,0.2,13,2.8,10840,6.3
2023,1,15,01:00,UTC,0.1,0,13,2.8,22280,6.9
2023,1,15,02:00,UTC,0.1,0,13,2.7,27570,6.3
2023,1,15,03:00,UTC,0,0,12,2.7,36250,6.3
2023,1,15,04:00,UTC,0,0,12,2.6,24850,6.4
2023,1,15,05:00,UTC,0,0,12,2.7,37440,5.5
2023,1,15,06:00,UTC,0,0,10,2.7,42860,6.8
2023,1,15,07:00,UTC,0.2,1,11,2.6,10700,9.5
2023,1,15,08:00,UTC,1,1,11,2.7,9620,8.4
2023,1,15,09:00,UTC,1.1,1,11,2.3,8730,10
2023,1,15,10:00,UTC,0.8,0.4,10,2.1,10780,8.2
2023,1,15,11:00,UTC,0.5,0.8,10,2.1,19430,7.4
2023,1,15,12:00,UTC,0.6,1.3,10,1.9,11120,9
2023,1,15,13:00,UTC,0.6,0,10,2.2,28560,8.5
2023,1,15,14:00,UTC,0.1,0,10,2.2,11900,8.7
2023,1,15,15:00,UTC,0.3,1.7,9,1.9,6010,6.8
2023,1,15,16:00,UTC,0.2,0,10,2,50000,8.2
2023,1,15,17:00,UTC,0,0,9,2.1,32660,8.9
2023,1,15,18:00,UTC,0,0,9,2.1,49780,7.8
2023,1,15,19:00,UTC,0,0,9,2.2,35440,6.8
2023,1,15,20:00,UTC,0.1,0.3,9,2.4,12220,8.5
2023,1,15,21:00,UTC,0.1,0,9,2.5,38500,7.3
2023,1,15,22:00,UTC,0,0,9,2.6,27250,7
2023,1,15,23:00,UTC,0,0,9,2.6,36430,6.7
2023,1,16,00:00,UTC,0,0,9,2.7,48760,6.4
2023,1,16,01:00,UTC,0,0,9,2.3,45270,7.4
2023,1,16,02:00,UTC,0,0,8,2.3,46210,7
2023,1,16,03:00,UTC,0,0,8,2.4,48180,8.2
2023,1,16,04:00,UTC,0,0,8,2.6,50000,9.2
2023,1,16,05:00,UTC,0,0,8,2.4,15620,7.5
2023,1,16,06:00,UTC,0.1,0,8,2.3,10940,8.4
2023,1,16,07:00,UTC,0.1,0,7,2.5,16870,7.2
2023,1,16,08:00,UTC,0,0,8,3.1,12130,9.6
2023,1,16,09:00,UTC,0,0,7,3.1,45590,8.9
2023,1,16,10:00,UTC,0,0,7,3.2,28860,8.8
2023,1,16,11:00,UTC,0,0,7,3,19640,9.1
2023,1,16,12:00,UTC,0,0,7,3.2,24100,8.7
2023,1,16,13:00,UTC,0.1,0.2,8,2.6,12620,8.4
2023,1,16,14:00,UTC,0.1,0,7,2.7,26420,8.6
2023,1,16,15:00,UTC,0,0,7,2.7,15460,8.4
2023,1,16,16:00,UTC,0.2,1.3,7,2.7,7020,7.8
2023,1,16,17:00,UTC,0.1,0,7,2.8,14530,8.1
2023,1,16,18:00,UTC,0,0,6,2.8,15450,8.7
2023,1,16,19:00,UTC,0,0,6,2.7,15330,8.5
2023,1,16,20:00,UTC,0,0,6,2.7,17250,7.5
2023,1,16,21:00,UTC,0,0,6,2.8,16940,7.5
2023,1,16,22:00,UTC,0,0,6,2.6,18360,6.1
2023,1,16,23:00,UTC,0,0,6,2.6,23150,5.8
2023,1,17,00:00,UTC,0,0,6,2.3,29200,4.3
2023,1,17,01:00,UTC,0,0,6,2.4,35470,3.9
2023,1,17,02:00,UTC,0,0,6,1.9,27330,5
2023,1,17,03:00,UTC,0,0,6,1.6,20580,4.3
2023,1,17,04:00,UTC,0,0,6,1.3,27460,4.1
2023,1,17,05:00,UTC,0,0,6,1.1,31880,2.4
2023,1,17,06:00,UTC,0,0,6,0.8,28920,4.8
2023,1,17,07:00,UTC,0,0,6,1.5,46800,5.4
2023,1,17,08:00,UTC,0,0,6,1.1,13850,6.8
2023,1,17,09:00,UTC,0,0,6,1.5,25000,7
2023,1,17,10:00,UTC,0,0,6,1.4,32650,8.5
2023,1,17,11:00,UTC,0,0,6,1.4,36470,9
2023,1,17,12:00,UTC,0,0,6,1,48620,11
2023,1,17,13:00,UTC,0,0,6,0.6,41920,9.4
2023,1,17,14:00,UTC,0.1,0.6,6,0.1,1200,10.7
2023,1,17,15:00,UTC,1.9,1.8,6,0,640,10.9
2023,1,17,16:00,UTC,1.4,0.8,9,-0.1,720,10.3
2023,1,17,17:00,UTC,1.1,1.3,9,-0.1,670,9.9
2023,1,17,18:00,UTC,1.7,1.1,12,0,840,9.4
2023,1,17,19:00,UTC,0.7,0.2,12,0,2890,9.3
2023,1,17,20:00,UTC,0.2,0,13,0.2,14130,7.6
2023,1,17,21:00,UTC,0,0,13,0.7,24150,7.2
2023,1,17,22:00,UTC,0,0,13,1.1,29710,6.1
2023,1,17,23:00,UTC,0,0,13,1.1,14630,6.6
2023,1,18,00:00,UTC,0,0,13,1.2,7760,6.8
2023,1,18,01:00,UTC,0.3,0.5,11,1.2,8960,7.3
2023,1,18,02:00,UTC,0.3,0,11,1.4,14900,7
2023,1,18,03:00,UTC,0.4,0.8,10,1.5,7560,5.3
2023,1,18,04:00,UTC,1.2,0.8,9,1.3,8380,5.2
2023,1,18,05:00,UTC,0.3,0,9,1.6,13480,5.3
2023,1,18,06:00,UTC,0,0,8,1.8,12400,5.4
2023,1,18,07:00,UTC,0,0,8,2,8230,4.7
2023,1,18,08:00,UTC,0,0,8,2.3,8850,5.2
2023,1,18,09:00,UTC,0,0,8,2.7,16430,6.1
2023,1,18,10:00,UTC,0,0,8,2.7,26400,5.4
2023,1,18,11:00,UTC,0,0,7,2.6,17790,5.4
2023,1,18,12:00,UTC,0,0,8,2.5,31720,4.3
2023,1,18,13:00,UTC,0,0,7,2.6,35480,2.6
2023,1,18,14:00,UTC,0,0,7,2.1,17350,2.3
2023,1,18,15:00,UTC,0,0,7,1.8,10430,3
2023,1,18,16:00,UTC,0,0,7,1.9,16760,3.1
2023,1,18,17:00,UTC,0,0,7,2.1,31060,3.4
2023,1,18,18:00,UTC,0,0,8,1,9270,4.7
2023,1,18,19:00,UTC,0,0,7,1.2,18640,3.9
2023,1,18,20:00,UTC,0,0,7,1.3,18180,3.5
2023,1,18,21:00,UTC,0,0,7,1,6750,3.4
2023,1,18,22:00,UTC,0,0,7,0.9,4200,3.7
2023,1,18,23:00,UTC,0,0,7,0.9,1870,2.4
2023,1,19,00:00,UTC,0,0,7,0.8,770,3.9
2023,1,19,01:00,UTC,0,0,7,0.8,2180,5.1
2023,1,19,02:00,UTC,0.3,0.7,7,0.6,1880,4.3
2023,1,19,03:00,UTC,1.9,1.9,7,0.3,1270,3.9
2023,1,19,04:00,UTC,1.4,1.2,9,0.4,1750,4.2
2023,1,19,05:00,UTC,1.6,2.4,10,0.3,720,3.8
2023,1,19,06:00,UTC,2.6,1.6,12,0.3,1120,5.1
2023,1,19,07:00,UTC,1.9,2.2,12,0.3,950,5.2
2023,1,19,08:00,UTC,2.6,2.2,13,0.3,860,5.4
2023,1,19,09:00,UTC,2,2,13,0.3,1140,6.6
2023,1,19,10:00,UTC,0.4,0,13,0.6,17920,6
2023,1,19,11:00,UTC,0,0,13,0.8,21520,6.4
2023,1,19,12:00,UTC,0,0,14,0.8,21320,6.4
2023,1,19,13:00,UTC,0,0,13,0.7,23260,5.6
2023,1,19,14:00,UTC,0,0,13,0.6,19110,5.4
2023,1,19,15:00,UTC,0,0,13,0.8,20490,4.1
2023,1,19,16:00,UTC,0,0,13,1,49010,4.8
2023,1,19,17:00,UTC,0,0,13,0.4,50000,4.9
2023,1,19,18:00,UTC,0,0,13,0.2,44510,3.4
2023,1,19,19:00,UTC,0,0,13,-0.1,50000,3.4
2023,1,19,20:00,UTC,0,0,13,-0.3,36160,2.7
2023,1,19,21:00,UTC,0,0,13,-0.5,27240,2.7
2023,1,19,22:00,UTC,0,0,13,0.5,23050,2.3
2023,1,19,23:00,UTC,0,0,13,1,35460,2.4
2023,1,20,00:00,UTC,0,0,13,1,38380,2.9
2023,1,20,01:00,UTC,0,0,13,0.7,47270,2
2023,1,20,02:00,UTC,0,0,13,0.6,41270,1.9
2023,1,20,03:00,UTC,0,0,13,0.8,46510,1.4
2023,1,20,04:00,UTC,0,0,13,0.3,49580,0.9
2023,1,20,05:00,UTC,0,0,13,0,38910,1.4
2023,1,20,06:00,UTC,0,0,13,0.4,40690,1.1
2023,1,20,07:00,UTC,0,0,13,0.6,50000,1.1
2023,1,20,08:00,UTC,0,0,13,0.8,50000,0.6
2023,1,20,09:00,UTC,0,0,13,1.2,48150,1
2023,1,20,10:00,UTC,0,0,13,1.9,50000,0.5
2023,1,20,11:00,UTC,0,0,13,1.7,42110,0.4
2023,1,20,12:00,UTC,0,0,13,1.5,50000,1.8
2023,1,20,13:00,UTC,0,0,13,1.4,43820,1.1
2023,1,20,14:00,UTC,0,0,13,0.3,39300,2.2
2023,1,20,15:00,UTC,0,0,13,-0.6,18040,1.4
2023,1,20,16:00,UTC,0,0,13,-0.3,19890,0.8
2023,1,20,17:00,UTC,0,0,13,-0.1,17310,0.7
2023,1,20,18:00,UTC,0,0,13,-0.4,13270,1
2023,1,20,19:00,UTC,0,0,13,-0.7,12410,0.6
2023,1,20,20:00,UTC,0,0,13,-1.1,13270,1.7
2023,1,20,21:00,UTC,0,0,13,-2,7700,0.4
2023,1,20,22:00,UTC,0,0,13,-2.5,11820,0.9
2023,1,20,23:00,UTC,0,0,13,-2.9,12330,1.9
2023,1,21,00:00,UTC,0,0,13,-3.9,8230,1.1
2023,1,21,01:00,UTC,0,0,13,-4,13070,1.5
2023,1,21,02:00,UTC,0,0,13,-4.9,12990,1.2
2023,1,21,03:00,UTC,0,0,13,-4.9,16020,0.5
2023,1,21,04:00,UTC,0,0,13,-4.9,19680,0.8
2023,1,21,05:00,UTC,0,0,13,-5.4,17810,1.6
2023,1,21,06:00,UTC,0,0,13,-6.1,17960,1.5
2023,1,21,07:00,UTC,0,0,13,-6.5,17980,1.8
2023,1,21,08:00,UTC,0,0,13,-5.7,17030,1.5
2023,1,21,09:00,UTC,0,0,13,-4.5,19170,1.1
2023,1,21,10:00,UTC,0,0,13,-3.6,2460,1.4
2023,1,21,11:00,UTC,0,0,13,-2.5,8860,0.9
2023,1,21,12:00,UTC,0,0,13,-2.6,1450,0.7
2023,1,21,13:00,UTC,0,0,13,-2.8,840,0.6
2023,1,21,14:00,UTC,0,0,13,-3.6,4800,0.7
2023,1,21,15:00,UTC,0,0,13,-4.2,8070,2.5
2023,1,21,16:00,UTC,0,0,13,-4.8,690,1.8
2023,1,21,17:00,UTC,0,0,13,-4.4,1990,2.5
2023,1,21,18:00,UTC,0,0,13,-4.6,9450,4.4
2023,1,21,19:00,UTC,0,0,13,-5,11760,3.6
2023,1,21,20:00,UTC,0,0,13,-4.9,12740,2.3
2023,1,21,21:00,UTC,0,0,13,-4.8,7790,3.7
2023,1,21,22:00,UTC,0,0,13,-4.4,10100,2.9
2023,1,21,23:00,UTC,0,0,13,-4.2,10650,3.3
2023,1,22,00:00,UTC,0,0,13,-4.1,11480,3.4
2023,1,22,01:00,UTC,0,0,13,-4.1,10460,0.9
2023,1,22,02:00,UTC,0,0,13,-4.3,6530,2
2023,1,22,03:00,UTC,0,0,13,-4.5,17520,1.6
2023,1,22,04:00,UTC,0,0,13,-4.9,3770,1.1
2023,1,22,05:00,UTC,0,0,13,-4.9,480,1.5
2023,1,22,06:00,UTC,0,0,13,-5.1,5930,0.7
2023,1,22,07:00,UTC,0,0,13,-5,470,0.5
2023,1,22,08:00,UTC,0,0,13,-5,740,1.3
2023,1,22,09:00,UTC,0,0,13,-4.8,1120,0.9
2023,1,22,10:00,UTC,0,0,13,-4.9,1760,0.7
2023,1,22,11:00,UTC,0,0,13,-5.1,580,0.6
2023,1,22,12:00,UTC,0,0,13,-4.9,2120,1.1
2023,1,22,13:00,UTC,0,0,13,-5,990,1.3
2023,1,22,14:00,UTC,0,0,13,-4.9,1110,1.4
2023,1,22,15:00,UTC,0,0,13,-4.8,10800,1.6
2023,1,22,16:00,UTC,0,0,13,-4.8,19250,1.3
2023,1,22,17:00,UTC,0,0,13,-4.6,11260,0.6
2023,1,22,18:00,UTC,0,0,13,-4.6,49170,0.5
2023,1,22,19:00,UTC,0,0,13,-4.3,28450,1
2023,1,22,20:00,UTC,0,0,13,-4.1,24760,1.3
2023,1,22,21:00,UTC,0,0,13,-4.1,11160,1.1
2023,1,22,22:00,UTC,0,0,13,-4.1,2840,1.5
2023,1,22,23:00,UTC,0,0,13,-3.9,21550,1
2023,1,23,00:00,UTC,0,0,13,-4.1,44430,1
2023,1,23,01:00,UTC,0,0,13,-3.9,20260,1.4
2023,1,23,02:00,UTC,0,0,13,-3.6,21450,2.3
2023,1,23,03:00,UTC,0,0,14,-3.6,12790,2.7
2023,1,23,04:00,UTC,0,0,14,-3.5,30620,3.1
2023,1,23,05:00,UTC,0,0,14,-3.5,14640,2.5
2023,1,23,06:00,UTC,0,0,14,-3.4,29110,3.4
2023,1,23,07:00,UTC,0,0,14,-3.6,12200,2.9
2023,1,23,08:00,UTC,0,0,14,-3.8,41620,3.4
2023,1,23,09:00,UTC,0,0,14,-3.6,9200,2.9
2023,1,23,10:00,UTC,0,0,14,-3.3,24980,4.6
2023,1,23,11:00,UTC,0,0,14,-3,34370,6.3
2023,1,23,12:00,UTC,0,0,14,-3.1,50000,4.2
2023,1,23,13:00,UTC,0,0,14,-2.6,25470,4.3
2023,1,23,14:00,UTC,0.1,0,12,-2,50000,3.5
2023,1,23,15:00,UTC,0,0,13,-1.5,2990,5.1
2023,1,23,16:00,UTC,0.1,0.4,13,-1.3,1960,5.9
2023,1,23,17:00,UTC,0.1,0,13,-1.1,2310,5.7
2023,1,23,18:00,UTC,0,0,14,-0.5,7300,7.2
2023,1,23,19:00,UTC,0,0,13,-0.2,50000,6.3
2023,1,23,20:00,UTC,0,0,13,0.2,50000,7.8
2023,1,23,21:00,UTC,0,0,13,0,50000,7.1
2023,1,23,22:00,UTC,0,0,14,-0.2,50000,7.8
2023,1,23,23:00,UTC,0,0,14,-0.2,50000,7.7
2023,1,24,00:00,UTC,0,0,13,-0.3,50000,8
2023,1,24,01:00,UTC,0,0,13,-0.4,46730,8
2023,1,24,02:00,UTC,0,0,13,-1,50000,7
2023,1,24,03:00,UTC,0,0,13,-1.1,7400,6.7
2023,1,24,04:00,UTC,0.7,1.1,13,-1.1,720,6.6
2023,1,24,05:00,UTC,0.4,0,16,-0.4,4820,7.3
2023,1,24,06:00,UTC,0,0,16,0.1,14050,7.6
2023,1,24,07:00,UTC,0,0,16,0.4,37370,6.2
2023,1,24,08:00,UTC,0,0,15,0.2,13570,6.5
2023,1,24,09:00,UTC,0.1,0,15,0.1,2150,3.4
2023,1,24,10:00,UTC,0,0,15,0.4,20140,4.3
2023,1,24,11:00,UTC,0,0,16,0.5,27250,4.5
2023,1,24,12:00,UTC,0,0,17,0.5,26770,4.9
2023,1,24,13:00,UTC,0,0,17,0.5,31210,4.5
2023,1,24,14:00,UTC,0,0,16,0.4,25180,5.5
2023,1,24,15:00,UTC,0,0,16,0.3,18680,3.9
2023,1,24,16:00,UTC,0,0,17,0.3,16550,4.2
2023,1,24,17:00,UTC,0,0,17,0.2,11320,4.2
2023,1,24,18:00,UTC,0,0,17,0.2,10020,5.1
2023,1,24,19:00,UTC,0,0,17,0.4,7070,5.2
2023,1,24,20:00,UTC,0,0,17,0.7,7260,4.7
2023,1,24,21:00,UTC,0,0,17,0.8,5470,4.4
2023,1,24,22:00,UTC,0,0,17,0.9,5660,5.2
2023,1,24,23:00,UTC,0,0,14,1,5070,4.8
2023,1,25,00:00,UTC,0,0,16,1.4,7900,6.3
2023,1,25,01:00,UTC,0,0,15,1.5,7010,6.4
2023,1,25,02:00,UTC,0,0,15,1.5,5420,6.2
2023,1,25,03:00,UTC,0,0,15,1.6,6350,6.8
2023,1,25,04:00,UTC,0,0,14,1.8,4450,7.2
2023,1,25,05:00,UTC,0,0,14,2.1,2610,6.9
2023,1,25,06:00,UTC,0,0,14,2.2,1080,8.4
2023,1,25,07:00,UTC,0,0,14,2.5,1590,8.9
2023,1,25,08:00,UTC,0,0,14,2.4,3350,8.6
2023,1,25,09:00,UTC,0,0,13,2.5,4750,9.7
2023,1,25,10:00,UTC,0,0,13,2.7,4010,8.7
2023,1,25,11:00,UTC,0,0,13,3,7060,8.2
2023,1,25,12:00,UTC,0,0,12,2.9,4320,7.2
2023,1,25,13:00,UTC,0,0,12,2.8,5170,7
2023,1,25,14:00,UTC,0,0,12,2.9,2690,7
2023,1,25,15:00,UTC,0,0,12,2.7,3490,6.8
2023,1,25,16:00,UTC,0,0,11,2.8,3590,5.9
2023,1,25,17:00,UTC,0,0,11,2.9,4420,6.3
2023,1,25,18:00,UTC,0,0,11,2.8,7700,5.3
2023,1,25,19:00,UTC,0,0,10,2.8,9100,5
2023,1,25,20:00,UTC,0,0,11,2.8,8760,4.8
2023,1,25,21:00,UTC,0,0,10,2.7,10810,3.9
2023,1,25,22:00,UTC,0,0,10,2.7,5720,4.7
2023,1,25,23:00,UTC,0,0,10,2.6,3700,5.6
2023,1,26,00:00,UTC,0,0,10,2.6,11460,4.9
2023,1,26,01:00,UTC,0,0,10,2.6,6610,3
2023,1,26,02:00,UTC,0,0,10,2.4,7930,4.6
2023,1,26,03:00,UTC,0,0,10,2.4,1950,4
2023,1,26,04:00,UTC,0.1,0,9,2.6,3220,3.9
2023,1,26,05:00,UTC,0,0,9,2.5,4900,3.6
2023,1,26,06:00,UTC,0,0,9,2.7,5310,4.2
2023,1,26,07:00,UTC,0,0,9,2.8,5030,3.9
2023,1,26,08:00,UTC,0.1,0,9,2.9,7260,3.3
2023,1,26,09:00,UTC,0,0,9,3,16650,3.5
2023,1,26,10:00,UTC,0,0,10,3,36730,2.6
2023,1,26,11:00,UTC,0,0,9,3,46360,3.2
2023,1,26,12:00,UTC,0,0,9,2.9,45780,3.2
2023,1,26,13:00,UTC,0,0,9,2.5,50000,3.7
2023,1,26,14:00,UTC,0,0,9,1.8,50000,4.7
2023,1,26,15:00,UTC,0,0,9,1.5,50000,4.4
2023,1,26,16:00,UTC,0,0,9,1.2,50000,4.9
2023,1,26,17:00,UTC,0,0,9,0.6,50000,5
2023,1,26,18:00,UTC,0,0,9,0.8,50000,4.7
2023,1,26,19:00,UTC,0,0,9,0.5,50000,4.1
2023,1,26,20:00,UTC,0,0,9,0.3,50000,3.9
2023,1,26,21:00,UTC,0,0,9,-0.2,46350,3.7
2023,1,26,22:00,UTC,0,0,9,-0.7,50000,3.7
2023,1,26,23:00,UTC,0,0,9,-0.6,50000,4.6
2023,1,27,00:00,UTC,0,0,9,-1.4,50000,3.4
2023,1,27,01:00,UTC,0,0,9,-2.1,50000,3.8
2023,1,27,02:00,UTC,0,0,9,-2.6,50000,3.1
2023,1,27,03:00,UTC,0,0,9,-3.1,50000,3.5
2023,1,27,04:00,UTC,0,0,9,-3.4,50000,3
2023,1,27,05:00,UTC,0,0,9,-3.7,50000,3.2
2023,1,27,06:00,UTC,0,0,9,-4.2,50000,2.4
2023,1,27,07:00,UTC,0,0,9,-4.3,50000,3
2023,1,27,08:00,UTC,0,0,9,-4,50000,2.9
2023,1,27,09:00,UTC,0,0,9,-3.1,50000,3
2023,1,27,10:00,UTC,0,0,9,-2.5,50000,2.1
2023,1,27,11:00,UTC,0,0,9,-1.3,50000,1.6
2023,1,27,12:00,UTC,0,0,9,-0.9,50000,1.4
2023,1,27,13:00,UTC,0,0,9,-0.7,50000,1.9
2023,1,27,14:00,UTC,0,0,9,-1.5,50000,0.9
2023,1,27,15:00,UTC,0,0,9,-2.4,48400,2.2
2023,1,27,16:00,UTC,0,0,9,-2.6,9920,2.5
2023,1,27,17:00,UTC,0,0,9,-3.5,27590,3.1
2023,1,27,18:00,UTC,0,0,9,-3.5,50000,2.6
2023,1,27,19:00,UTC,0,0,9,-3.8,47610,1.9
2023,1,27,20:00,UTC,0,0,9,-4.3,39210,2.3
2023,1,27,21:00,UTC,0,0,9,-4.5,38930,2.5
2023,1,27,22:00,UTC,0,0,9,-4.5,32530,3.6
2023,1,27,23:00,UTC,0,0,9,-4.2,32900,3.8
2023,1,28,00:00,UTC,0,0,9,-2.6,49220,4.4
2023,1,28,01:00,UTC,0,0,9,-1.2,50000,5.2
2023,1,28,02:00,UTC,0,0,9,-0.6,50000,5.4
2023,1,28,03:00,UTC,0,0,9,-0.2,50000,5
2023,1,28,04:00,UTC,0,0,9,0,50000,5.9
2023,1,28,05:00,UTC,0,0,9,0.3,50000,5.7
2023,1,28,06:00,UTC,0,0,9,-0.3,43070,7
2023,1,28,07:00,UTC,0,0,9,-0.1,50000,7.5
2023,1,28,08:00,UTC,0,0,9,0.3,31620,7.6
2023,1,28,09:00,UTC,0,0,9,0.2,47360,9.8
2023,1,28,10:00,UTC,0,0,9,0.3,50000,10.4
2023,1,28,11:00,UTC,0,0,9,0.4,47900,8.3
2023,1,28,12:00,UTC,0,0,9,0.4,50000,9.6
2023,1,28,13:00,UTC,0.1,0.4,9,-0.1,1320,9.9
2023,1,28,14:00,UTC,0.3,0.6,9,-0.1,670,10.2
2023,1,28,15:00,UTC,1.2,0.7,10,0,1210,9.6
2023,1,28,16:00,UTC,0.2,0,11,0.4,8170,5.4
2023,1,28,17:00,UTC,0,0,12,0.7,16860,4.9
2023,1,28,18:00,UTC,0,0,12,0.5,29280,5.3
2023,1,28,19:00,UTC,0,0,12,0.6,40540,6.7
2023,1,28,20:00,UTC,0,0,12,0.5,44190,4.5
2023,1,28,21:00,UTC,0,0,12,0.4,50000,5.2
2023,1,28,22:00,UTC,0,0,12,0,50000,5.8
2023,1,28,23:00,UTC,0,0,12,-0.6,41810,4.8
2023,1,29,00:00,UTC,0,0,12,-0.5,50000,5.3
2023,1,29,01:00,UTC,0,0,12,0.3,50000,4.8
2023,1,29,02:00,UTC,0,0,12,0.6,50000,5.6
2023,1,29,03:00,UTC,0,0,12,0.2,50000,4.5
2023,1,29,04:00,UTC,0,0,12,0.1,50000,4.9
2023,1,29,05:00,UTC,0,0,12,-0.3,50000,4.8
2023,1,29,06:00,UTC,0,0,11,-0.7,50000,4.3
2023,1,29,07:00,UTC,0,0,12,-0.6,50000,4.3
2023,1,29,08:00,UTC,0,0,11,-0.4,50000,3.9
2023,1,29,09:00,UTC,0,0,11,0.2,50000,4.5
2023,1,29,10:00,UTC,0,0,11,0.8,50000,4.1
2023,1,29,11:00,UTC,0,0,11,1.2,50000,4.6
2023,1,29,12:00,UTC,0,0,11,1.5,47490,5.3
2023,1,29,13:00,UTC,0,0,11,1.5,47000,4.7
2023,1,29,14:00,UTC,0,0,11,1.8,37030,7.1
2023,1,29,15:00,UTC,0,0,11,1.6,25990,6.7
2023,1,29,16:00,UTC,0,0,11,1.7,29680,7.2
2023,1,29,17:00,UTC,0,0,10,1.6,22860,7
2023,1,29,18:00,UTC,0,0,10,1.7,23860,7.9
2023,1,29,19:00,UTC,0,0,10,1.8,15480,8.5
2023,1,29,20:00,UTC,0.1,0.7,10,2,6660,9.4
2023,1,29,21:00,UTC,0.4,0,8,2,7650,7.7
2023,1,29,22:00,UTC,0.9,1.4,9,1.9,7770,8.8
2023,1,29,23:00,UTC,1,0.8,9,1.4,5450,9.3
2023,1,30,00:00,UTC,0.7,0.5,9,1.3,2250,9.2
2023,1,30,01:00,UTC,0.4,0.2,9,1.7,4650,9.2
2023,1,30,02:00,UTC,0.5,1.3,9,2.4,7100,8.9
2023,1,30,03:00,UTC,0.7,1.1,9,2.8,10340,8.7
2023,1,30,04:00,UTC,0.4,0.3,9,2.8,15470,8
2023,1,30,05:00,UTC,0.4,0.5,9,2.7,9150,7.1
2023,1,30,06:00,UTC,1.1,2.3,8,1.7,7570,9.2
2023,1,30,07:00,UTC,1.4,0.6,9,1.4,15130,6.6
2023,1,30,08:00,UTC,0,0,9,2,15970,6.5
2023,1,30,09:00,UTC,0,0,8,2.8,26420,5
2023,1,30,10:00,UTC,0,0,8,3.1,41880,5
2023,1,30,11:00,UTC,0,0,8,3.5,47730,6.5
2023,1,30,12:00,UTC,0,0,8,3.1,38300,5.1
2023,1,30,13:00,UTC,0,0,8,2.7,44380,6.4
2023,1,30,14:00,UTC,0,0,8,2.1,50000,6.6
2023,1,30,15:00,UTC,0,0,8,2,41080,5.7
2023,1,30,16:00,UTC,0,0,8,1.9,47110,7
2023,1,30,17:00,UTC,0,0,8,1.9,50000,6.8
2023,1,30,18:00,UTC,0,0,8,1.9,50000,7.4
2023,1,30,19:00,UTC,0,0,8,1.3,44860,8
2023,1,30,20:00,UTC,0,0,8,0.8,50000,6.2
2023,1,30,21:00,UTC,0,0,8,0.9,50000,6.3
2023,1,30,22:00,UTC,0,0,8,0.7,49190,7.1
2023,1,30,23:00,UTC,0,0,8,0.3,50000,5.9
2023,1,31,00:00,UTC,0,0,8,-0.1,50000,7.8
2023,1,31,01:00,UTC,0,0,8,-0.4,50000,8.7
2023,1,31,02:00,UTC,0,0,8,-0.5,50000,6.4
2023,1,31,03:00,UTC,0,0,8,-0.5,50000,6.1
2023,1,31,04:00,UTC,0,0,8,-0.3,50000,7.2
2023,1,31,05:00,UTC,0,0,8,-0.3,50000,7.2
2023,1,31,06:00,UTC,0,0,8,-0.5,50000,5.6
2023,1,31,07:00,UTC,0,0,8,-0.9,50000,6.5
2023,1,31,08:00,UTC,0,0,8,-0.3,50000,7.4
2023,1,31,09:00,UTC,0,0,8,0.4,50000,8.1
2023,1,31,10:00,UTC,0,0,8,0.7,50000,7.3
2023,1,31,11:00,UTC,0,0,8,1.7,48300,5.8
2023,1,31,12:00,UTC,0,0,8,1.8,50000,6.2
2023,1,31,13:00,UTC,0,0,8,1.6,47080,4.1
2023,1,31,14:00,UTC,0,0,8,1.6,49110,5.6
2023,1,31,15:00,UTC,0,0,8,1,50000,5.1
2023,1,31,16:00,UTC,0,0,8,1.1,38680,6.3
2023,1,31,17:00,UTC,0,0,8,1,50000,4.8
2023,1,31,18:00,UTC,0,0,8,0.9,50000,5.8
2023,1,31,19:00,UTC,0,0,8,0.4,40700,3.8
2023,1,31,20:00,UTC,0,0,8,0,43360,4.8
2023,1,31,21:00,UTC,0,0,8,0,50000,3.4
2023,1,31,22:00,UTC,0,0,8,-0.2,50000,3.6
2023,1,31,23:00,UTC,0,0,8,-0.1,50000,2.3
2023,2,1,00:00,UTC,0,0,8,-0.1,50000,1.9
2023,2,1,01:00,UTC,0,0,8,-0.8,50000,2.7
2023,2,1,02:00,UTC,0,0,8,-1,50000,2.3
2023,2,1,03:00,UTC,0,0,8,-0.8,50000,2.3
2023,2,1,04:00,UTC,0,0,8,-0.6,33730,2.1
2023,2,1,05:00,UTC,0,0,8,-0.3,35140,2
2023,2,1,06:00,UTC,0,0,8,0.3,50000,3.2
2023,2,1,07:00,UTC,0,0,8,0.1,39890,2.2
2023,2,1,08:00,UTC,0,0,8,0.8,25040,2.3
2023,2,1,09:00,UTC,0,0,8,1,36870,3
2023,2,1,10:00,UTC,0,0,8,1.2,36130,2.5
2023,2,1,11:00,UTC,0,0,8,1.1,29300,2.5
2023,2,1,12:00,UTC,0,0,8,1.2,35030,2
2023,2,1,13:00,UTC,0,0,8,1,40690,1.8
2023,2,1,14:00,UTC,0,0,8,0.9,33810,2.1
2023,2,1,15:00,UTC,0,0,8,0.7,46750,1.4
2023,2,1,16:00,UTC,0,0,8,0.6,49380,2.7
2023,2,1,17:00,UTC,0,0,8,0.4,49820,2.5
2023,2,1,18:00,UTC,0,0,8,0.3,45000,2.8
2023,2,1,19:00,UTC,0,0,8,0.2,50000,2.7
2023,2,1,20:00,UTC,0,0,8,-0.1,46300,2.3
2023,2,1,21:00,UTC,0,0,8,-0.1,50000,2.8
2023,2,1,22:00,UTC,0,0,8,-0.4,50000,2.8
2023,2,1,23:00,UTC,0,0,8,-0.7,48430,3.3
2023,2,2,00:00,UTC,0,0,8,-0.6,50000,2.7
2023,2,2,01:00,UTC,0,0,8,-0.6,50000,2.5
2023,2,2,02:00,UTC,0,0,8,-0.5,50000,3.8
2023,2,2,03:00,UTC,0,0,8,-1.4,35960,3.6
2023,2,2,04:00,UTC,0,0,8,-2,50000,3
2023,2,2,05:00,UTC,0,0,8,-2.1,50000,3.4
2023,2,2,06:00,UTC,0,0,8,-2.5,45630,3.2
2023,2,2,07:00,UTC,0,0,8,-2.6,31520,2.5
2023,2,2,08:00,UTC,0,0,8,-1.4,39150,3.9
2023,2,2,09:00,UTC,0,0,8,-0.9,40140,2.8
2023,2,2,10:00,UTC,0,0,8,-0.7,48400,3.6
2023,2,2,11:00,UTC,0,0,8,-0.9,40380,2.8
2023,2,2,12:00,UTC,0,0,8,-0.7,46290,3.4
2023,2,2,13:00,UTC,0,0,8,-0.2,46000,3.9
2023,2,2,14:00,UTC,0,0,8,-0.4,50000,5.2
2023,2,2,15:00,UTC,0,0,8,-0.9,13550,4
2023,2,2,16:00,UTC,0,0,8,-1,50000,3.2
2023,2,2,17:00,UTC,0,0,8,-1.2,50000,4.1
2023,2,2,18:00,UTC,0,0,8,-1.4,50000,2.7
2023,2,2,19:00,UTC,0,0,8,-2.2,50000,3.8
2023,2,2,20:00,UTC,0,0,8,-2.8,50000,3
2023,2,2,21:00,UTC,0,0,8,-2.4,50000,2.9
2023,2,2,22:00,UTC,0,0,8,-2.4,50000,3.2
2023,2,2,23:00,UTC,0,0,9,-2.8,35720,2.8
2023,2,3,00:00,UTC,0,0,8,-2.8,50000,4.5
2023,2,3,01:00,UTC,0,0,9,-2.8,50000,2.2
2023,2,3,02:00,UTC,0,0,9,-2.9,21630,2.9
2023,2,3,03:00,UTC,0,0,9,-3.2,11610,3.5
2023,2,3,04:00,UTC,0,0,9,-3.3,38360,2.5
2023,2,3,05:00,UTC,0,0,8,-3.3,8500,2.4
2023,2,3,06:00,UTC,0,0,9,-3.4,34090,2.9
2023,2,3,07:00,UTC,0,0,9,-3.4,10550,2.8
2023,2,3,08:00,UTC,0,0,9,-3.4,12350,3
2023,2,3,09:00,UTC,0,0,8,-3,38730,3.2
2023,2,3,10:00,UTC,0,0,8,-3,50000,3.7
2023,2,3,11:00,UTC,0,0,8,-2.5,50000,3.3
2023,2,3,12:00,UTC,0,0,8,-2.3,50000,3.5
2023,2,3,13:00,UTC,0,0,8,-2.9,50000,4.4
2023,2,3,14:00,UTC,0,0,8,-3.3,50000,3.5
2023,2,3,15:00,UTC,0,0,8,-3.9,50000,2.8
2023,2,3,16:00,UTC,0,0,8,-3.8,48650,3.1
2023,2,3,17:00,UTC,0,0,8,-3.8,1970,4.1
2023,2,3,18:00,UTC,0,0,8,-3.7,23320,4.2
2023,2,3,19:00,UTC,0,0,8,-3.6,38240,4.8
2023,2,3,20:00,UTC,0,0,8,-3.6,48980,5.5
2023,2,3,21:00,UTC,0,0,8,-3.6,50000,5.5
2023,2,3,22:00,UTC,0,0,9,-3.7,50000,4.4
2023,2,3,23:00,UTC,0,0,8,-4.3,50000,5.6
2023,2,4,00:00,UTC,0,0,8,-4.4,50000,5.7
2023,2,4,01:00,UTC,0,0,9,-4.6,50000,5.7
2023,2,4,02:00,UTC,0,0,9,-4.6,49350,7.1
2023,2,4,03:00,UTC,0,0,9,-4.4,47760,6.3
2023,2,4,04:00,UTC,0,0,9,-4.7,49940,6.5
2023,2,4,05:00,UTC,0,0,9,-4.9,50000,6.7
2023,2,4,06:00,UTC,0,0,9,-5.5,3970,6.8
2023,2,4,07:00,UTC,0,0,9,-5.3,50000,5.5
2023,2,4,08:00,UTC,0,0,9,-5.1,50000,6.8
2023,2,4,09:00,UTC,0,0,9,-4.8,44550,6
2023,2,4,10:00,UTC,0,0,9,-4.5,50000,5.8
2023,2,4,11:00,UTC,0,0,9,-3.6,50000,6
2023,2,4,12:00,UTC,0,0,8,-3.4,44470,6.1
2023,2,4,13:00,UTC,0,0,8,-3,49030,5.4
2023,2,4,14:00,UTC,0,0,8,-3.3,50000,4.9
2023,2,4,15:00,UTC,0,0,9,-4.1,50000,4.4
2023,2,4,16:00,UTC,0,0,9,-4.7,50000,4.2
2023,2,4,17:00,UTC,0,0,9,-5.6,50000,3.5
2023,2,4,18:00,UTC,0,0,9,-6.4,50000,2.8
2023,2,4,19:00,UTC,0,0,9,-7,50000,3.3
2023,2,4,20:00,UTC,0,0,9,-7.8,50000,2.7
2023,2,4,21:00,UTC,0,0,9,-8.5,50000,2.9
2023,2,4,22:00,UTC,0,0,9,-9.8,50000,2.1
2023,2,4,23:00,UTC,0,0,9,-10.2,50000,2.4
2023,2,5,00:00,UTC,0,0,9,-10.2,50000,1.8
2023,2,5,01:00,UTC,0,0,9,-10.3,50000,0.9
2023,2,5,02:00,UTC,0,0,9,-9.9,50000,1.6
2023,2,5,03:00,UTC,0,0,9,-10.1,50000,1.5
2023,2,5,04:00,UTC,0,0,9,-9,50000,3.2
2023,2,5,05:00,UTC,0,0,9,-8.1,50000,4.8
2023,2,5,06:00,UTC,0,0,9,-6.7,50000,3.9
2023,2,5,07:00,UTC,0,0,9,-3.5,50000,5.5
2023,2,5,08:00,UTC,0,0,9,-2,50000,6.1
2023,2,5,09:00,UTC,0,0,9,-0.6,42060,6.1
2023,2,5,10:00,UTC,0,0,9,0.1,50000,7.2
2023,2,5,11:00,UTC,0,0,9,0.7,47900,8.7
2023,2,5,12:00,UTC,0,0,9,0.7,39340,8.6
2023,2,5,13:00,UTC,0,0,9,0.8,30060,8.5
2023,2,5,14:00,UTC,0,0,9,0.3,25150,6.8
2023,2,5,15:00,UTC,0.1,0.5,8,-0.8,1080,5.8
2023,2,5,16:00,UTC,0.6,0.6,9,-0.9,1040,5.6
2023,2,5,17:00,UTC,0.2,0,9,-0.7,1960,5.1
2023,2,5,18:00,UTC,0.1,0.3,9,-0.6,2770,5.9
2023,2,5,19:00,UTC,0.1,0,10,0,47960,5.1
2023,2,5,20:00,UTC,0,0,10,0.2,27390,4.7
2023,2,5,21:00,UTC,0,0,10,-0.2,25580,4.9
2023,2,5,22:00,UTC,0,0,10,-0.6,25600,4.6
2023,2,5,23:00,UTC,0,0,10,-1.2,18200,4.6
2023,2,6,00:00,UTC,0,0,10,-1.8,19170,4.6
2023,2,6,01:00,UTC,0,0,10,-2.4,20560,4.1
2023,2,6,02:00,UTC,0,0,10,-2.8,19660,4.4
2023,2,6,03:00,UTC,0,0,10,-1.6,22370,4.6
2023,2,6,04:00,UTC,0,0,10,-1.5,26200,5
2023,2,6,05:00,UTC,0,0,10,-1.4,31130,4.6
2023,2,6,06:00,UTC,0,0,10,-2.1,32740,3.8
2023,2,6,07:00,UTC,0,0,11,-2.4,30280,3.4
2023,2,6,08:00,UTC,0,0,11,-1.1,35280,4.2
2023,2,6,09:00,UTC,0,0,10,0.2,41100,4.1
2023,2,6,10:00,UTC,0,0,10,0.8,50000,3.9
2023,2,6,11:00,UTC,0,0,10,1.6,45320,4.7
2023,2,6,12:00,UTC,0,0,10,2,37430,3.6
2023,2,6,13:00,UTC,0,0,10,2.3,50000,3.8
2023,2,6,14:00,UTC,0,0,10,1.5,45370,3.9
2023,2,6,15:00,UTC,0,0,10,-0.5,47100,3.1
2023,2,6,16:00,UTC,0,0,10,-1.6,45550,3.4
2023,2,6,17:00,UTC,0,0,10,-1.8,44900,2.8
2023,2,6,18:00,UTC,0,0,10,-2.4,43130,2.9
2023,2,6,19:00,UTC,0,0,10,-3.3,36770,2.4
2023,2,6,20:00,UTC,0,0,10,-2.7,34490,3.5
2023,2,6,21:00,UTC,0,0,10,-3.7,28360,3.2
2023,2,6,22:00,UTC,0,0,10,-3.6,26860,2.7
2023,2,6,23:00,UTC,0,0,10,-3.2,23440,2
2023,2,7,00:00,UTC,0,0,10,-2.4,26010,1.4
2023,2,7,01:00,UTC,0,0,10,-1.7,26520,1.7
2023,2,7,02:00,UTC,0,0,10,-1.6,22190,2.8
2023,2,7,03:00,UTC,0,0,10,-1,21260,3.1
2023,2,7,04:00,UTC,0,0,10,-0.4,19300,2.9
2023,2,7,05:00,UTC,0,0,10,0.6,12920,4.3
2023,2,7,06:00,UTC,0,0,10,0.9,13870,5
2023,2,7,07:00,UTC,0,0,10,1.1,16190,5
2023,2,7,08:00,UTC,0,0,10,1.1,19840,5.1
2023,2,7,09:00,UTC,0,0,10,1.5,19340,6.1
2023,2,7,10:00,UTC,0,0,10,1.4,18980,5.3
2023,2,7,11:00,UTC,0,0,10,1.7,21220,5.2
2023,2,7,12:00,UTC,0,0,10,1.6,19560,6.4
2023,2,7,13:00,UTC,0,0,9,0.9,45180,7
2023,2,7,14:00,UTC,0,0,9,1.3,38960,7
2023,2,7,15:00,UTC,0,0,9,1.3,33580,6.4
2023,2,7,16:00,UTC,0,0,9,1.3,38750,6.8
2023,2,7,17:00,UTC,0,0,9,1.3,20640,7.1
2023,2,7,18:00,UTC,0,0,9,1.4,18090,6.2
2023,2,7,19:00,UTC,0,0,9,1.6,29100,7.8
2023,2,7,20:00,UTC,0,0,9,1.2,7980,5.9
2023,2,7,21:00,UTC,0.1,0.3,9,1.1,3720,5.3
2023,2,7,22:00,UTC,0.1,0.3,8,1.2,3360,4.7
2023,2,7,23:00,UTC,0.1,0,8,1.3,3080,5.8
2023,2,8,00:00,UTC,0.2,0,8,1.5,3890,4.3
2023,2,8,01:00,UTC,0.1,0,8,1.6,4410,6
2023,2,8,02:00,UTC,0,0,8,1.6,5600,6.1
2023,2,8,03:00,UTC,0,0,8,1.7,4630,5.3
2023,2,8,04:00,UTC,0,0,8,1.7,3590,4.4
2023,2,8,05:00,UTC,0.1,0,8,1.7,4030,4.2
2023,2,8,06:00,UTC,0,0,8,1.9,4900,4.6
2023,2,8,07:00,UTC,0,0,8,2,10060,4.2
2023,2,8,08:00,UTC,0,0,8,2.1,9790,3.7
2023,2,8,09:00,UTC,0,0,8,2.2,7660,4.9
2023,2,8,10:00,UTC,0,0,8,2.3,6020,4.3
2023,2,8,11:00,UTC,0,0,8,2.4,6390,3.9
2023,2,8,12:00,UTC,0,0,8,2.7,13400,4.3
2023,2,8,13:00,UTC,0,0,8,2.6,11070,4.2
2023,2,8,14:00,UTC,0,0,7,2.1,2810,3.7
2023,2,8,15:00,UTC,0,0,7,1.8,980,3.6
2023,2,8,16:00,UTC,0,0,7,1.9,820,5.2
2023,2,8,17:00,UTC,0,0,7,1.9,850,5.1
2023,2,8,18:00,UTC,0,0,7,2,1960,5.3
2023,2,8,19:00,UTC,0,0,7,1.9,2960,7
2023,2,8,20:00,UTC,0,0,7,2.2,5910,6.3
2023,2,8,21:00,UTC,0,0,7,2.5,10560,6.6
2023,2,8,22:00,UTC,0,0,7,2.3,11930,6.6
2023,2,8,23:00,UTC,0,0,6,2.1,5060,7.6
2023,2,9,00:00,UTC,0,0,6,2,4450,10.1
2023,2,9,01:00,UTC,0,0,6,1.9,6660,11.4
2023,2,9,02:00,UTC,0,0,6,1.7,19050,10.5
2023,2,9,03:00,UTC,0,0,6,1.5,17380,9.9
2023,2,9,04:00,UTC,0,0,6,1.6,18910,10.8
2023,2,9,05:00,UTC,0,0,6,1.6,11990,12.3
2023,2,9,06:00,UTC,0,0,6,1.7,11620,13
2023,2,9,07:00,UTC,0,0,6,1.7,13080,10.6
2023,2,9,08:00,UTC,0,0,6,1.9,14670,10.9
2023,2,9,09:00,UTC,0,0,6,2.2,16500,11.3
2023,2,9,10:00,UTC,0,0,5,2.4,18840,10.3
2023,2,9,11:00,UTC,0,0,5,2.2,18760,11
2023,2,9,12:00,UTC,0,0,5,2,18140,11.2
2023,2,9,13:00,UTC,0,0,5,2,17510,11.5
2023,2,9,14:00,UTC,0,0,6,1.8,14170,9
2023,2,9,15:00,UTC,0,0,6,1.7,15170,10.7
2023,2,9,16:00,UTC,0,0,6,1.7,14390,11.7
2023,2,9,17:00,UTC,0,0,6,1.7,12640,10.5
2023,2,9,18:00,UTC,0.1,0.2,6,1,3440,11.1
2023,2,9,19:00,UTC,0.5,0.8,6,0.7,2280,8.9
2023,2,9,20:00,UTC,0.2,0,6,0.9,6400,9.1
2023,2,9,21:00,UTC,0,0,6,1.3,7210,8.9
2023,2,9,22:00,UTC,0,0,6,1.7,9230,8.7
2023,2,9,23:00,UTC,0,0,5,1.8,9600,7.8
2023,2,10,00:00,UTC,0,0,5,1.9,10270,9.4
2023,2,10,01:00,UTC,0,0,5,1.5,5320,8.3
2023,2,10,02:00,UTC,1.4,1.1,5,0.6,1390,9.9
2023,2,10,03:00,UTC,0.7,0.4,5,0.8,4910,10
2023,2,10,04:00,UTC,0,0,5,0.8,13810,8.8
2023,2,10,05:00,UTC,0,0,5,0.4,2560,9.9
2023,2,10,06:00,UTC,0.1,0,5,-0.4,1560,12.6
2023,2,10,07:00,UTC,0.5,0.5,7,-0.8,730,12.6
2023,2,10,08:00,UTC,0.1,0,7,0.5,50000,9.6
2023,2,10,09:00,UTC,0,0,7,0.8,49170,9.7
2023,2,10,10:00,UTC,0,0,7,1.3,50000,8.7
2023,2,10,11:00,UTC,0,0,7,1.8,50000,9
2023,2,10,12:00,UTC,0,0,7,1.9,40070,10.8
2023,2,10,13:00,UTC,0,0,7,1.3,42140,9.2
2023,2,10,14:00,UTC,0,0,6,1.1,50000,9.5
2023,2,10,15:00,UTC,0,0,7,0.1,50000,7.5
2023,2,10,16:00,UTC,0,0,7,-0.2,50000,7.7
2023,2,10,17:00,UTC,0,0,7,-0.6,48530,7.1
2023,2,10,18:00,UTC,0,0,7,-0.9,45880,6.7
2023,2,10,19:00,UTC,0,0,6,-1.2,49240,6.1
2023,2,10,20:00,UTC,0,0,7,-1.2,50000,4.4
2023,2,10,21:00,UTC,0,0,6,-1.1,50000,5.2
2023,2,10,22:00,UTC,0,0,6,-1.1,50000,4.1
2023,2,10,23:00,UTC,0,0,6,-0.7,50000,3.5
2023,2,11,00:00,UTC,0,0,6,-0.4,50000,3
2023,2,11,01:00,UTC,0,0,6,-0.7,2580,4.4
2023,2,11,02:00,UTC,1.9,1.1,8,-1.3,980,0.9
2023,2,11,03:00,UTC,0.9,0.8,9,-1.5,1470,2.7
2023,2,11,04:00,UTC,1.3,1.2,10,-1.8,890,3.5
2023,2,11,05:00,UTC,1.1,1.1,12,-1.9,1520,4.3
2023,2,11,06:00,UTC,0.9,0.8,12,-2.2,990,5.5
2023,2,11,07:00,UTC,0.2,0,14,-2.4,4210,5.3
2023,2,11,08:00,UTC,0.2,0,15,-2.5,7500,4.6
2023,2,11,09:00,UTC,0,0,14,-1.4,48190,3.9
2023,2,11,10:00,UTC,0,0,14,-1.2,48740,3.5
2023,2,11,11:00,UTC,0,0,14,-0.6,29020,4.9
2023,2,11,12:00,UTC,0,0,14,-0.1,33940,4.8
2023,2,11,13:00,UTC,0,0,14,0.3,37150,4.4
2023,2,11,14:00,UTC,0,0,14,-0.5,48230,4.9
2023,2,11,15:00,UTC,0,0,14,-1.6,50000,4.4
2023,2,11,16:00,UTC,0,0,14,-2.8,50000,4
2023,2,11,17:00,UTC,0,0,14,-3.9,50000,4.5
2023,2,11,18:00,UTC,0,0,13,-4.3,50000,4.4
2023,2,11,19:00,UTC,0,0,13,-3.8,50000,5.1
2023,2,11,20:00,UTC,0,0,13,-4.3,50000,4.3
2023,2,11,21:00,UTC,0,0,13,-5.2,50000,4.4
2023,2,11,22:00,UTC,0,0,12,-6.3,50000,3.4
2023,2,11,23:00,UTC,0,0,12,-6.5,50000,4.2
2023,2,12,00:00,UTC,0,0,12,-6.5,50000,4.5
2023,2,12,01:00,UTC,0,0,13,-6.1,50000,4.2
2023,2,12,02:00,UTC,0,0,12,-6.7,45240,3.7
2023,2,12,03:00,UTC,0,0,13,-6.2,50000,4.2
2023,2,12,04:00,UTC,0,0,13,-5.9,49760,3.7
2023,2,12,05:00,UTC,0,0,13,-5.2,45200,4.4
2023,2,12,06:00,UTC,0,0,13,-4.1,45530,4
2023,2,12,07:00,UTC,0,0,13,-3.7,48760,3.8
2023,2,12,08:00,UTC,0,0,13,-1.8,43890,5.3
2023,2,12,09:00,UTC,0,0,12,-0.3,45090,5.6
2023,2,12,10:00,UTC,0,0,12,0.4,45830,5.8
2023,2,12,11:00,UTC,0,0,12,1.3,12830,4.5
2023,2,12,12:00,UTC,0.1,0,12,1.8,45230,5.1
2023,2,12,13:00,UTC,0,0,12,2.4,43970,5.8
2023,2,12,14:00,UTC,0,0,12,2.1,45690,5.8
2023,2,12,15:00,UTC,0,0,11,2,39590,4.7
2023,2,12,16:00,UTC,0,0,11,1.9,36020,5.7
2023,2,12,17:00,UTC,0,0,11,1.8,33270,5.7
2023,2,12,18:00,UTC,0,0,11,1.8,43560,6.5
2023,2,12,19:00,UTC,0,0,11,1.6,41480,6.2
2023,2,12,20:00,UTC,0,0,11,1.7,50000,5.6
2023,2,12,21:00,UTC,0,0,11,1.7,50000,5.1
2023,2,12,22:00,UTC,0,0,11,1.6,50000,4.5
2023,2,12,23:00,UTC,0,0,11,0.4,50000,3.5
2023,2,13,00:00,UTC,0,0,11,0.4,50000,5.1
2023,2,13,01:00,UTC,0,0,11,1.4,50000,5.7
2023,2,13,02:00,UTC,0,0,11,1.3,50000,5.5
2023,2,13,03:00,UTC,0,0,11,1.6,50000,4.6
2023,2,13,04:00,UTC,0,0,11,1.9,50000,5.6
2023,2,13,05:00,UTC,0,0,11,3.8,50000,5.5
2023,2,13,06:00,UTC,0,0,11,4.6,50000,5.8
2023,2,13,07:00,UTC,0,0,11,6.1,50000,8.2
2023,2,13,08:00,UTC,0,0,10,6.6,50000,7.1
2023,2,13,09:00,UTC,0,0,11,6.7,50000,7.6
2023,2,13,10:00,UTC,0,0,10,6.5,50000,7
2023,2,13,11:00,UTC,0,0,9,7,50000,7.9
2023,2,13,12:00,UTC,0,0,9,6.6,50000,7.6
2023,2,13,13:00,UTC,0,0,9,6.7,50000,8.3
2023,2,13,14:00,UTC,0,0,9,6.4,50000,8.3
2023,2,13,15:00,UTC,0,0,8,5.5,50000,6.4
2023,2,13,16:00,UTC,0,0,8,5,50000,5.6
2023,2,13,17:00,UTC,0,0,8,4.6,50000,6.9
2023,2,13,18:00,UTC,0,0,9,4.1,50000,5.6
2023,2,13,19:00,UTC,0,0,8,4,50000,7
2023,2,13,20:00,UTC,0,0,8,4,50000,6.2
2023,2,13,21:00,UTC,0,0,8,3.8,50000,5.5
2023,2,13,22:00,UTC,0,0,8,3.5,50000,4.3
2023,2,13,23:00,UTC,0,0,8,2.5,50000,3.9
2023,2,14,00:00,UTC,0,0,8,0.8,50000,4
2023,2,14,01:00,UTC,0,0,8,0.9,50000,4.4
2023,2,14,02:00,UTC,0,0,8,0.9,50000,5.1
2023,2,14,03:00,UTC,0,0,8,0.7,50000,4.7
2023,2,14,04:00,UTC,0,0,8,0.7,50000,4.3
2023,2,14,05:00,UTC,0,0,9,0.2,50000,4.2
2023,2,14,06:00,UTC,0,0,8,0,50000,3.6
2023,2,14,07:00,UTC,0,0,9,-0.5,45220,4.2
2023,2,14,08:00,UTC,0,0,8,1.1,44050,3.4
2023,2,14,09:00,UTC,0,0,8,2.5,42050,2.8
2023,2,14,10:00,UTC,0,0,8,3.6,36680,2.5
2023,2,14,11:00,UTC,0,0,8,4.6,42950,1.4
2023,2,14,12:00,UTC,0,0,8,4.8,50000,2.4
2023,2,14,13:00,UTC,0,0,8,4.2,46850,2.7
2023,2,14,14:00,UTC,0,0,8,3.9,43820,1.6
2023,2,14,15:00,UTC,0,0,8,3.3,39220,3.7
2023,2,14,16:00,UTC,0,0,9,3.1,46690,3
2023,2,14,17:00,UTC,0,0,8,2.4,50000,3.3
2023,2,14,18:00,UTC,0,0,8,2.5,50000,4
2023,2,14,19:00,UTC,0,0,9,2.7,48030,3.5
2023,2,14,20:00,UTC,0,0,8,2.3,50000,3.7
2023,2,14,21:00,UTC,0,0,9,1.4,50000,3.4
2023,2,14,22:00,UTC,0,0,8,0.8,50000,3.5
2023,2,14,23:00,UTC,0,0,8,0.4,50000,3.8
2023,2,15,00:00,UTC,0,0,8,0.2,40570,4.5
2023,2,15,01:00,UTC,0,0,8,-0.7,21730,3.9
2023,2,15,02:00,UTC,0,0,9,-0.7,17940,3.1
2023,2,15,03:00,UTC,0,0,9,-1,15800,2.4
2023,2,15,04:00,UTC,0,0,8,-1.3,4180,1.3
2023,2,15,05:00,UTC,0,0,9,-2,350,1.4
2023,2,15,06:00,UTC,0,0,9,-2.3,870,2.7
2023,2,15,07:00,UTC,0,0,9,-1.4,9120,0.8
2023,2,15,08:00,UTC,0,0,9,-0.3,14420,0.5
2023,2,15,09:00,UTC,0,0,9,3,19840,2.2
2023,2,15,10:00,UTC,0,0,9,1.1,370,3.4
2023,2,15,11:00,UTC,0,0,9,1.1,810,3.3
2023,2,15,12:00,UTC,0,0,9,0.8,1250,3.8
2023,2,15,13:00,UTC,0,0,9,0.3,2210,5.2
2023,2,15,14:00,UTC,0,0,8,0.1,3540,4.2
2023,2,15,15:00,UTC,0,0,8,-0.2,12770,5
2023,2,15,16:00,UTC,0,0,8,0.3,4300,1.9
2023,2,15,17:00,UTC,0,0,8,1,10050,4.1
2023,2,15,18:00,UTC,0,0,8,1.3,9230,4.7
2023,2,15,19:00,UTC,0,0,8,1.2,8100,4.1
2023,2,15,20:00,UTC,0,0,8,0.8,8660,4.8
2023,2,15,21:00,UTC,0.1,0.3,8,0.3,2040,4.3
2023,2,15,22:00,UTC,0,0,8,0.4,13660,3.9
2023,2,15,23:00,UTC,0,0,8,0.7,26800,4.9
2023,2,16,00:00,UTC,0,0,8,0.8,22670,4.8
2023,2,16,01:00,UTC,0.1,0,8,0.8,6390,5.1
2023,2,16,02:00,UTC,0.2,0.3,8,0.6,5880,5.2
2023,2,16,03:00,UTC,0.2,0.3,8,0.7,4960,4.6
2023,2,16,04:00,UTC,0,0,8,0.8,14120,5.6
2023,2,16,05:00,UTC,0,0,8,1,9300,4.8
2023,2,16,06:00,UTC,0,0,8,0.9,9910,5.5
2023,2,16,07:00,UTC,0,0,8,1.1,11730,4.9
2023,2,16,08:00,UTC,0.1,0.2,8,1,5670,5.4
2023,2,16,09:00,UTC,0.1,0,8,1.1,7850,6.2
2023,2,16,10:00,UTC,0.1,0,8,1.2,10390,6
2023,2,16,11:00,UTC,0,0,8,1.3,11040,5.8
2023,2,16,12:00,UTC,0,0,8,1.4,10770,5.1
2023,2,16,13:00,UTC,0,0,8,1.4,8230,6.6
2023,2,16,14:00,UTC,0,0,8,1.2,6790,6.2
2023,2,16,15:00,UTC,0.2,0,8,1.2,2210,5.2
2023,2,16,16:00,UTC,0.2,0.4,8,1.3,2100,6.7
2023,2,16,17:00,UTC,0.1,0.3,7,1.3,2340,6.2
2023,2,16,18:00,UTC,0,0,7,1.2,3020,5.6
2023,2,16,19:00,UTC,0.1,0.4,7,1.1,2540,6.1
2023,2,16,20:00,UTC,0.3,0.5,7,1.1,5920,5.3
2023,2,16,21:00,UTC,0.3,0,7,1.4,7560,6.3
2023,2,16,22:00,UTC,0.1,0.3,7,1.4,2030,4.6
2023,2,16,23:00,UTC,0.2,0.3,7,1.5,1720,4.9
2023,2,17,00:00,UTC,0.1,0,7,1.4,2240,4.3
2023,2,17,01:00,UTC,0.1,0,7,1.3,2190,5.4
2023,2,17,02:00,UTC,0,0,7,1.3,1160,4.5
2023,2,17,03:00,UTC,0,0,6,1.2,1410,3.5
2023,2,17,04:00,UTC,0,0,7,1.3,3890,4.5
2023,2,17,05:00,UTC,0,0,6,1.4,5900,4.3
2023,2,17,06:00,UTC,0,0,6,1.5,6450,4.1
2023,2,17,07:00,UTC,0,0,6,1.4,5920,4.2
2023,2,17,08:00,UTC,0.1,0.3,6,1.5,4450,4.6
2023,2,17,09:00,UTC,0.1,0,6,1.6,4260,5.1
2023,2,17,10:00,UTC,0.2,0.3,6,1.8,1640,5
2023,2,17,11:00,UTC,0,0,6,1.9,2270,4.4
2023,2,17,12:00,UTC,0.3,0.6,6,1.8,1020,6.1
2023,2,17,13:00,UTC,0.7,0,6,1.9,930,6
2023,2,17,14:00,UTC,0.2,0,5,1.9,1780,6
2023,2,17,15:00,UTC,0.9,0.6,5,1.9,2030,4.7
2023,2,17,16:00,UTC,0.1,0,5,2,1810,5.3
2023,2,17,17:00,UTC,0.3,0,6,1.9,3590,6
2023,2,17,18:00,UTC,0,0,5,1.7,10490,6.3
2023,2,17,19:00,UTC,0,0,5,1.7,22390,8.1
2023,2,17,20:00,UTC,0,0,5,1.3,33640,7.6
2023,2,17,21:00,UTC,0,0,5,1.2,47420,7.6
2023,2,17,22:00,UTC,0,0,5,1.1,50000,8.1
2023,2,17,23:00,UTC,0.1,0.3,5,0.5,1810,8.8
2023,2,18,00:00,UTC,2.2,2.5,6,0,660,9.1
2023,2,18,01:00,UTC,1.7,1.6,8,-0.1,980,9.7
2023,2,18,02:00,UTC,1.2,0.8,9,-0.4,1090,8.7
2023,2,18,03:00,UTC,1,0.8,9,-0.7,800,9.7
2023,2,18,04:00,UTC,1,1.4,11,-0.8,700,8.3
2023,2,18,05:00,UTC,1.2,0.6,12,-0.9,1630,9.9
2023,2,18,06:00,UTC,0.4,0.5,13,-1,1070,9
2023,2,18,07:00,UTC,0.6,0.5,13,-1,1170,7.6
2023,2,18,08:00,UTC,0.4,0,14,-0.9,2620,8.1
2023,2,18,09:00,UTC,0.4,0.6,14,-0.8,2320,6.7
2023,2,18,10:00,UTC,1.1,2.1,14,-0.8,850,5.7
2023,2,18,11:00,UTC,0.4,0,15,-0.5,2840,5.8
2023,2,18,12:00,UTC,0.3,0.6,15,-0.4,2110,5.7
2023,2,18,13:00,UTC,0.3,0,15,-0.4,3310,5.6
2023,2,18,14:00,UTC,0.5,0.6,15,-0.3,1670,5.6
2023,2,18,15:00,UTC,0.6,0.4,14,-0.5,1850,4.9
2023,2,18,16:00,UTC,0.3,0.4,14,-0.7,2250,5.1
2023,2,18,17:00,UTC,0.1,0,15,-0.8,4900,5.2
2023,2,18,18:00,UTC,0.1,0.4,15,-0.8,4010,3.7
2023,2,18,19:00,UTC,0.3,0.3,16,-0.9,1730,3.2
2023,2,18,20:00,UTC,1.2,0.9,18,-0.9,1410,1.3
2023,2,18,21:00,UTC,0.5,0.3,16,-1.1,2620,1.5
2023,2,18,22:00,UTC,0.6,0.6,19,-1.2,1920,1.7
2023,2,18,23:00,UTC,0.7,0.3,20,-1.3,2660,1.9
2023,2,19,00:00,UTC,0.3,0.6,21,-1.5,1550,2.3
2023,2,19,01:00,UTC,0.3,0,19,-1.7,2440,2.2
2023,2,19,02:00,UTC,0.1,0,20,-1.7,4260,2
2023,2,19,03:00,UTC,0.4,0.3,22,-1.8,1980,3
2023,2,19,04:00,UTC,0.3,0.5,22,-2.2,2810,2.9
2023,2,19,05:00,UTC,0.3,0.3,22,-2.3,3320,3.1
2023,2,19,06:00,UTC,0.2,0.2,22,-2.4,2370,2.7
2023,2,19,07:00,UTC,0.3,0.5,23,-2.2,2190,2.5
2023,2,19,08:00,UTC,0.3,0.3,23,-1.9,2080,3
2023,2,19,09:00,UTC,0.3,0,23,-1.7,2550,3
2023,2,19,10:00,UTC,0.3,0,23,-1.4,4680,2.5
2023,2,19,11:00,UTC,0.3,0.7,23,-1.6,2850,3.1
2023,2,19,12:00,UTC,0.3,0,23,-2.5,3810,3.2
2023,2,19,13:00,UTC,0,0,23,-2.3,4380,2.5
2023,2,19,14:00,UTC,0.2,0,23,-2.7,4010,2.5
2023,2,19,15:00,UTC,0.2,0.8,24,-3,2910,2.3
2023,2,19,16:00,UTC,0.3,0.5,24,-3.5,3250,2.5
2023,2,19,17:00,UTC,0.2,0,24,-3.9,3250,3.3
2023,2,19,18:00,UTC,0.2,0,24,-4.2,2910,1.9
2023,2,19,19:00,UTC,0.1,0,24,-4.2,3840,2.8
2023,2,19,20:00,UTC,0.1,0,24,-4.6,6830,2.2
2023,2,19,21:00,UTC,0,0,24,-5.1,5090,2.2
2023,2,19,22:00,UTC,0,0,24,-6,9160,2.3
2023,2,19,23:00,UTC,0,0,24,-6,11210,2
2023,2,20,00:00,UTC,0,0,24,-6.8,9010,2.2
2023,2,20,01:00,UTC,0,0,24,-8.3,9390,3
2023,2,20,02:00,UTC,0,0,24,-8.1,9050,3.3
2023,2,20,03:00,UTC,0,0,24,-8.2,10110,2.4
2023,2,20,04:00,UTC,0,0,23,-9.2,9630,1.4
2023,2,20,05:00,UTC,0,0,23,-9.7,10200,1.4
2023,2,20,06:00,UTC,0,0,23,-10.1,9490,1.3
2023,2,20,07:00,UTC,0,0,23,-8.9,9380,1.1
2023,2,20,08:00,UTC,0,0,23,-6.2,8960,3
2023,2,20,09:00,UTC,0,0,23,-4,9260,2.9
2023,2,20,10:00,UTC,0,0,23,-3.1,26960,3.4
2023,2,20,11:00,UTC,0,0,24,-2.6,34040,3.6
2023,2,20,12:00,UTC,0,0,23,-2.4,28990,4.4
2023,2,20,13:00,UTC,0,0,22,-2.6,29390,5.1
2023,2,20,14:00,UTC,0,0,22,-2.7,36590,6
2023,2,20,15:00,UTC,0,0,22,-2.6,25450,6.5
2023,2,20,16:00,UTC,0,0,22,-2.4,30780,9.1
2023,2,20,17:00,UTC,0,0,22,-2.5,22280,7.7
2023,2,20,18:00,UTC,0,0,22,-2.2,14940,9.5
2023,2,20,19:00,UTC,0,0,22,-2.4,14260,8
2023,2,20,20:00,UTC,0,0,22,-2.3,15950,7.5
2023,2,20,21:00,UTC,0,0,22,-2.3,17550,8.1
2023,2,20,22:00,UTC,0,0,22,-2.4,6860,7.3
2023,2,20,23:00,UTC,0,0,22,-2.8,7840,6.5
2023,2,21,00:00,UTC,0,0,24,-4.1,7950,4.9
2023,2,21,01:00,UTC,0,0,23,-4.5,7470,5.5
2023,2,21,02:00,UTC,0,0,23,-4.8,9890,4.8
2023,2,21,03:00,UTC,0,0,23,-5.1,9510,4.8
2023,2,21,04:00,UTC,0,0,23,-5.6,8130,5.3
2023,2,21,05:00,UTC,0,0,23,-5.9,8060,5.4
2023,2,21,06:00,UTC,0,0,22,-5.9,9480,5.6
2023,2,21,07:00,UTC,0.1,0,21,-6,2460,5.3
2023,2,21,08:00,UTC,0,0,21,-5.8,9620,4.6
2023,2,21,09:00,UTC,0,0,21,-5.6,9530,4.8
2023,2,21,10:00,UTC,0,0,21,-5.3,5730,3.8
2023,2,21,11:00,UTC,0,0,21,-5,33470,4
2023,2,21,12:00,UTC,0,0,21,-5.4,24530,3.1
2023,2,21,13:00,UTC,0,0,21,-5.7,13300,3.9
2023,2,21,14:00,UTC,0,0,21,-6.2,19680,2.2
2023,2,21,15:00,UTC,0,0,20,-6.4,16620,2.4
2023,2,21,16:00,UTC,0,0,20,-6.7,12370,1.5
2023,2,21,17:00,UTC,0,0,20,-6.4,11570,1.7
2023,2,21,18:00,UTC,0,0,20,-6.8,13150,3.5
2023,2,21,19:00,UTC,0,0,20,-7.4,10350,3.5
2023,2,21,20:00,UTC,0,0,20,-7.6,5990,3.5
2023,2,21,21:00,UTC,0,0,20,-7.6,9270,3.3
2023,2,21,22:00,UTC,0,0,20,-7.9,13160,2.2
2023,2,21,23:00,UTC,0,0,20,-8.2,5880,2.2
2023,2,22,00:00,UTC,0,0,25,-8.9,10080,1.7
2023,2,22,01:00,UTC,0,0,20,-9.1,13900,2.9
2023,2,22,02:00,UTC,0,0,20,-10.7,13620,3
2023,2,22,03:00,UTC,0,0,20,-11.4,12570,2.2
2023,2,22,04:00,UTC,0,0,20,-11.9,12770,3.1
2023,2,22,05:00,UTC,0,0,20,-12.6,12510,3
2023,2,22,06:00,UTC,0,0,20,-13.2,12590,3
2023,2,22,07:00,UTC,0,0,20,-12.9,12560,1.7
2023,2,22,08:00,UTC,0,0,20,-11.6,17850,2.6
2023,2,22,09:00,UTC,0,0,19,-10.5,18390,3.3
2023,2,22,10:00,UTC,0,0,20,-9.1,19930,2.3
2023,2,22,11:00,UTC,0,0,20,-7.9,19980,1.1
2023,2,22,12:00,UTC,0,0,20,-7.2,22010,1.1
2023,2,22,13:00,UTC,0,0,20,-6.5,22730,1.9
2023,2,22,14:00,UTC,0,0,20,-6.4,21060,0.5
2023,2,22,15:00,UTC,0,0,20,-7.7,22990,0.5
2023,2,22,16:00,UTC,0,0,20,-8.8,18290,1.2
2023,2,22,17:00,UTC,0,0,20,-10.1,12170,1.5
2023,2,22,18:00,UTC,0,0,20,-11.2,10760,0.8
2023,2,22,19:00,UTC,0,0,20,-11.9,9150,1.6
2023,2,22,20:00,UTC,0,0,20,-12.3,8320,2
2023,2,22,21:00,UTC,0,0,20,-10.9,6390,2.3
2023,2,22,22:00,UTC,0,0,20,-10.5,4130,1.7
2023,2,22,23:00,UTC,0,0,20,-10,3840,0.6
2023,2,23,00:00,UTC,0,0,25,-9.6,3280,0.5
2023,2,23,01:00,UTC,0,0,20,-9.2,7190,1.2
2023,2,23,02:00,UTC,0,0,20,-8.3,7580,2
2023,2,23,03:00,UTC,0,0,20,-7.4,8670,0.7
2023,2,23,04:00,UTC,0,0,20,-4.2,26150,5.3
2023,2,23,05:00,UTC,0,0,20,-4,12760,7.2
2023,2,23,06:00,UTC,0,0,20,-4,13720,5.3
2023,2,23,07:00,UTC,0,0,20,-3.3,14560,4.8
2023,2,23,08:00,UTC,0,0,20,-2.8,18710,7.5
2023,2,23,09:00,UTC,0.1,0.2,20,-3.1,4580,6.8
2023,2,23,10:00,UTC,0,0,20,-2.4,31840,7.4
2023,2,23,11:00,UTC,0.3,0.5,19,-2.4,1590,6.8
2023,2,23,12:00,UTC,0.6,0.5,20,-2.1,1290,6.5
2023,2,23,13:00,UTC,0.4,0.4,20,-1.5,1820,9
2023,2,23,14:00,UTC,0.4,0.6,21,-1.2,1420,7.2
2023,2,23,15:00,UTC,1,0.6,22,-0.9,1290,6.8
2023,2,23,16:00,UTC,0.6,0.7,22,-0.7,1930,7.7
2023,2,23,17:00,UTC,0.4,0.3,23,-0.5,1860,7.6
2023,2,23,18:00,UTC,0.3,0.2,23,-0.5,2410,8.4
2023,2,23,19:00,UTC,0.4,0.2,23,-0.6,1910,7.5
2023,2,23,20:00,UTC,0.4,0.2,24,-0.4,2620,7.5
2023,2,23,21:00,UTC,0.1,0,23,-0.4,5870,6.1
2023,2,23,22:00,UTC,0.3,0.4,24,-0.7,1480,5.3
2023,2,23,23:00,UTC,0.4,0.3,24,-0.7,1890,4.9
2023,2,24,00:00,UTC,0.2,0,24,-0.7,2020,4.1
2023,2,24,01:00,UTC,0.2,0,24,-0.7,6620,1.1
2023,2,24,02:00,UTC,0,0,24,-0.9,18170,1.1
2023,2,24,03:00,UTC,0,0,24,-0.9,18880,0.4
2023,2,24,04:00,UTC,0,0,24,-1.2,22360,2.9
2023,2,24,05:00,UTC,0,0,23,-1.6,48090,3.1
2023,2,24,06:00,UTC,0,0,24,-2.2,40340,2.6
2023,2,24,07:00,UTC,0,0,23,-2.5,42910,2.3
2023,2,24,08:00,UTC,0,0,24,-2.3,33440,1.8
2023,2,24,09:00,UTC,0,0,24,-2.2,37020,2.3
2023,2,24,10:00,UTC,0,0,23,-1.6,34280,2.5
2023,2,24,11:00,UTC,0,0,23,-1.2,46630,1.8
2023,2,24,12:00,UTC,0,0,23,-0.9,41150,1.5
2023,2,24,13:00,UTC,0,0,23,-1.1,40050,1.9
2023,2,24,14:00,UTC,0,0,23,-1,47490,2.1
2023,2,24,15:00,UTC,0,0,23,-1.3,50000,1.7
2023,2,24,16:00,UTC,0,0,23,-1.8,41550,2.2
2023,2,24,17:00,UTC,0,0,23,-2.2,50000,2.3
2023,2,24,18:00,UTC,0,0,23,-2.6,49630,1.3
2023,2,24,19:00,UTC,0,0,23,-2.9,49320,1.7
2023,2,24,20:00,UTC,0,0,23,-3.6,50000,1.9
2023,2,24,21:00,UTC,0,0,23,-4.4,50000,3.1
2023,2,24,22:00,UTC,0,0,23,-4.8,49310,3.4
2023,2,24,23:00,UTC,0,0,23,-5.1,30880,2.4
2023,2,25,00:00,UTC,0,0,23,-5.5,18000,2.4
2023,2,25,01:00,UTC,0,0,23,-5.5,17960,2.3
2023,2,25,02:00,UTC,0,0,23,-5.3,32350,2.9
2023,2,25,03:00,UTC,0,0,23,-5.3,26280,3.3
2023,2,25,04:00,UTC,0,0,23,-5.2,16080,2.2
2023,2,25,05:00,UTC,0,0,23,-4.8,13580,1.5
2023,2,25,06:00,UTC,0,0,23,-4.5,14080,2.1
2023,2,25,07:00,UTC,0,0,21,-4.3,2950,1.7
2023,2,25,08:00,UTC,0,0,22,-3.9,7870,2
2023,2,25,09:00,UTC,0.1,0,23,-3.5,3550,3.8
2023,2,25,10:00,UTC,0.3,0.5,23,-3,3660,3.3
2023,2,25,11:00,UTC,0.1,0,23,-2.4,7800,4.5
2023,2,25,12:00,UTC,0,0,23,-1.6,15820,5.5
2023,2,25,13:00,UTC,0,0,23,-2,6640,3.6
2023,2,25,14:00,UTC,0,0,23,-2.3,13570,4.9
2023,2,25,15:00,UTC,0,0,23,-2.6,50000,6
2023,2,25,16:00,UTC,0,0,23,-2.7,11920,6.6
2023,2,25,17:00,UTC,0,0,23,-3,50000,4.8
2023,2,25,18:00,UTC,0,0,23,-2.9,50000,4.4
2023,2,25,19:00,UTC,0,0,23,-3.2,50000,4
2023,2,25,20:00,UTC,0,0,23,-4.2,50000,5.6
2023,2,25,21:00,UTC,0,0,23,-5,22890,6.4
2023,2,25,22:00,UTC,0,0,23,-5.2,8910,8.2
2023,2,25,23:00,UTC,0,0,23,-5.2,42890,6.2
2023,2,26,00:00,UTC,0,0,23,-5.4,50000,5.5
2023,2,26,01:00,UTC,0,0,23,-5.8,50000,4.6
2023,2,26,02:00,UTC,0,0,23,-6.6,50000,5.8
2023,2,26,03:00,UTC,0,0,23,-7.4,50000,5.1
2023,2,26,04:00,UTC,0,0,23,-8.2,50000,4.8
2023,2,26,05:00,UTC,0,0,23,-8.7,50000,4.7
2023,2,26,06:00,UTC,0,0,23,-8.3,50000,5.3
2023,2,26,07:00,UTC,0,0,23,-7.4,48590,6
2023,2,26,08:00,UTC,0,0,23,-6.9,50000,5
2023,2,26,09:00,UTC,0,0,23,-5.9,44620,4.3
2023,2,26,10:00,UTC,0,0,23,-5.2,44350,5
2023,2,26,11:00,UTC,0,0,23,-4.3,39500,6.4
2023,2,26,12:00,UTC,0,0,23,-3.4,41390,6
2023,2,26,13:00,UTC,0,0,23,-2.8,30340,6.8
2023,2,26,14:00,UTC,0,0,23,-2.9,34380,6.8
2023,2,26,15:00,UTC,0,0,23,-3.6,50000,5.7
2023,2,26,16:00,UTC,0,0,23,-4.4,50000,6.2
2023,2,26,17:00,UTC,0,0,23,-5.4,50000,6.1
2023,2,26,18:00,UTC,0,0,23,-6.1,50000,5.5
2023,2,26,19:00,UTC,0,0,23,-6.5,50000,5
2023,2,26,20:00,UTC,0,0,23,-7.1,50000,4.6
2023,2,26,21:00,UTC,0,0,23,-7.8,50000,3.6
2023,2,26,22:00,UTC,0,0,23,-8.7,50000,3
2023,2,26,23:00,UTC,0,0,22,-9.6,50000,3.3
2023,2,27,00:00,UTC,0,0,25,-10.8,45210,2.2
2023,2,27,01:00,UTC,0,0,23,-11.2,45180,2.4
2023,2,27,02:00,UTC,0,0,23,-11.3,35780,2.8
2023,2,27,03:00,UTC,0,0,23,-11.6,43520,2.9
2023,2,27,04:00,UTC,0,0,22,-12.1,29580,2.6
2023,2,27,05:00,UTC,0,0,22,-11.5,45620,1.3
2023,2,27,06:00,UTC,0,0,22,-11.1,44790,1.5
2023,2,27,07:00,UTC,0,0,22,-9.2,43200,1.9
2023,2,27,08:00,UTC,0,0,22,-6.4,42930,3.1
2023,2,27,09:00,UTC,0,0,22,-4.8,35830,3
2023,2,27,10:00,UTC,0,0,22,-2.9,37400,2.7
2023,2,27,11:00,UTC,0,0,22,-1.9,44480,5.4
2023,2,27,12:00,UTC,0,0,22,-0.7,41370,3.7
2023,2,27,13:00,UTC,0,0,22,0.2,41900,3.6
2023,2,27,14:00,UTC,0,0,22,0.8,50000,4.2
2023,2,27,15:00,UTC,0,0,22,1.2,41210,5.1
2023,2,27,16:00,UTC,0,0,22,1,41100,5
2023,2,27,17:00,UTC,0,0,22,0.9,21760,6.3
2023,2,27,18:00,UTC,0,0,22,1.3,40130,6.4
2023,2,27,19:00,UTC,0,0,22,1.3,47040,5.2
2023,2,27,20:00,UTC,0,0,22,1.1,50000,5
2023,2,27,21:00,UTC,0,0,22,0.8,50000,6.6
2023,2,27,22:00,UTC,0,0,22,1,50000,7.2
2023,2,27,23:00,UTC,0,0,22,1,50000,6.8
2023,2,28,00:00,UTC,0,0,22,1.1,50000,5.7
2023,2,28,01:00,UTC,0,0,22,1.4,50000,6.1
2023,2,28,02:00,UTC,0,0,22,1.2,50000,5.1
2023,2,28,03:00,UTC,0,0,22,1.3,50000,5.8
2023,2,28,04:00,UTC,0,0,22,1.6,50000,5.7
2023,2,28,05:00,UTC,0,0,22,1.7,50000,6.9
2023,2,28,06:00,UTC,0,0,22,2,50000,6.6
2023,2,28,07:00,UTC,0,0,22,2.2,50000,5.4
2023,2,28,08:00,UTC,0,0,22,3,49020,4.6
2023,2,28,09:00,UTC,0,0,22,2.3,19640,4.6
2023,2,28,10:00,UTC,0.2,0,21,2.1,30020,2.8
2023,2,28,11:00,UTC,0,0,21,2.8,30670,3.8
2023,2,28,12:00,UTC,0,0,21,3,41920,3.5
2023,2,28,13:00,UTC,0,0,21,2.6,50000,4.5
2023,2,28,14:00,UTC,0,0,20,1.9,50000,3.9
2023,2,28,15:00,UTC,0,0,20,1.1,50000,4.1
2023,2,28,16:00,UTC,0,0,20,0,50000,3.9
2023,2,28,17:00,UTC,0,0,20,-0.3,50000,4.3
2023,2,28,18:00,UTC,0,0,20,-0.8,50000,4.3
2023,2,28,19:00,UTC,0,0,20,-0.5,45690,4.2
2023,2,28,20:00,UTC,0,0,20,-0.6,44490,3
2023,2,28,21:00,UTC,0,0,20,-0.9,40110,4.1
2023,2,28,22:00,UTC,0,0,20,-1.6,40020,4.6
2023,2,28,23:00,UTC,0,0,20,-1.9,38330,4.4
2023,3,1,00:00,UTC,0,0,20,-1.9,39230,4.3
2023,3,1,01:00,UTC,0,0,20,-2.3,38350,4.6
2023,3,1,02:00,UTC,0,0,20,-2.8,35500,4.4
2023,3,1,03:00,UTC,0,0,20,-2.7,41270,4.8
2023,3,1,04:00,UTC,0,0,20,-3.1,43500,5
2023,3,1,05:00,UTC,0,0,20,-3,43060,4.9
2023,3,1,06:00,UTC,0,0,20,-2.1,40550,4.5
2023,3,1,07:00,UTC,0,0,20,-1.2,49650,5.4
2023,3,1,08:00,UTC,0,0,20,0.4,37350,5.2
2023,3,1,09:00,UTC,0,0,20,2.2,39030,5.9
2023,3,1,10:00,UTC,0,0,20,3.2,40880,6.6
2023,3,1,11:00,UTC,0,0,20,4.3,45510,5.1
2023,3,1,12:00,UTC,0,0,20,4.8,50000,5.9
2023,3,1,13:00,UTC,0,0,20,4.3,50000,6.3
2023,3,1,14:00,UTC,0,0,20,4.4,50000,3.5
2023,3,1,15:00,UTC,0,0,20,4,50000,3.9
2023,3,1,16:00,UTC,0,0,20,3.3,50000,3.7
2023,3,1,17:00,UTC,0,0,19,2.8,50000,3.7
2023,3,1,18:00,UTC,0,0,19,2.6,50000,4.1
2023,3,1,19:00,UTC,0,0,19,1.7,50000,3.8
2023,3,1,20:00,UTC,0,0,19,1.9,50000,4.2
2023,3,1,21:00,UTC,0,0,19,1.7,50000,2.3
2023,3,1,22:00,UTC,0,0,19,0.4,50000,1.5
2023,3,1,23:00,UTC,0,0,19,0.1,50000,2.6
2023,3,2,00:00,UTC,0,0,20,0.2,50000,3.2
2023,3,2,01:00,UTC,0,0,19,1.2,50000,4.2
2023,3,2,02:00,UTC,0,0,19,1.8,50000,5
2023,3,2,03:00,UTC,0,0,19,1,50000,5.6
2023,3,2,04:00,UTC,0,0,19,1,50000,6.1
2023,3,2,05:00,UTC,0,0,19,0.7,50000,5.5
2023,3,2,06:00,UTC,0,0,19,0.6,50000,5.6
2023,3,2,07:00,UTC,0,0,18,1.6,36260,6.5
2023,3,2,08:00,UTC,0,0,19,3,33480,6.4
2023,3,2,09:00,UTC,0,0,19,4.2,26950,7.2
2023,3,2,10:00,UTC,0,0,19,4.8,30690,8.8
2023,3,2,11:00,UTC,-,-,-,-,-,-
2023,3,2,12:00,UTC,0,0,18,5.8,39280,10.5
2023,3,2,13:00,UTC,0,0,18,4.9,50000,7.3
2023,3,2,14:00,UTC,0,0,18,5.3,46450,7.4
2023,3,2,15:00,UTC,0,0,18,4.2,50000,6.8
2023,3,2,16:00,UTC,0,0,18,3.5,50000,7.5
2023,3,2,17:00,UTC,0,0,18,2.7,50000,6.9
2023,3,2,18:00,UTC,0,0,18,2.4,50000,6.3
2023,3,2,19:00,UTC,0,0,18,1.8,47780,5.2
2023,3,2,20:00,UTC,0,0,18,1.4,50000,5.1
2023,3,2,21:00,UTC,0,0,18,0.6,46340,4
2023,3,2,22:00,UTC,0,0,18,1.2,46010,4.3
2023,3,2,23:00,UTC,0,0,18,1.4,43970,4.2
2023,3,3,00:00,UTC,0,0,20,1.4,43070,3.9
2023,3,3,01:00,UTC,0,0,18,0.6,50000,4.2
2023,3,3,02:00,UTC,0,0,18,0.2,50000,4.4
2023,3,3,03:00,UTC,0,0,18,-0.4,50000,4.1
2023,3,3,04:00,UTC,0,0,19,0,50000,4.3
2023,3,3,05:00,UTC,0,0,19,0,50000,4.4
2023,3,3,06:00,UTC,0,0,18,-0.5,50000,4.3
2023,3,3,07:00,UTC,0,0,18,0.6,50000,4.2
2023,3,3,08:00,UTC,0,0,18,1.7,49550,4.8
2023,3,3,09:00,UTC,0,0,18,2.3,50000,5.6
2023,3,3,10:00,UTC,0,0,18,2.9,50000,4.6
2023,3,3,11:00,UTC,0,0,18,3.7,49060,5.1
2023,3,3,12:00,UTC,0,0,18,3.9,47670,5.8
2023,3,3,13:00,UTC,0,0,18,3.8,49130,6.1
2023,3,3,14:00,UTC,0,0,18,3.6,50000,5.6
2023,3,3,15:00,UTC,0,0,18,2.9,49430,5.6
2023,3,3,16:00,UTC,0,0,18,1.7,5260,5.1
2023,3,3,17:00,UTC,0.9,1.9,17,0.2,870,4.8
2023,3,3,18:00,UTC,0.3,0,18,0.3,8360,6.2
2023,3,3,19:00,UTC,0,0,18,0.3,25190,4.6
2023,3,3,20:00,UTC,0,0,18,0.3,48680,4.6
2023,3,3,21:00,UTC,0,0,18,0.4,50000,3.9
2023,3,3,22:00,UTC,0,0,18,0.2,6570,2.7
2023,3,3,23:00,UTC,0,0,18,-0.6,7700,1.3
2023,3,4,00:00,UTC,0,0,18,-0.9,10250,2
2023,3,4,01:00,UTC,0,0,18,-0.6,36780,2.2
2023,3,4,02:00,UTC,0.2,0,18,0,7400,3.3
2023,3,4,03:00,UTC,0,0,18,0.1,50000,4.1
2023,3,4,04:00,UTC,0,0,18,0.1,44160,4.1
2023,3,4,05:00,UTC,0,0,18,-0.3,4120,4
2023,3,4,06:00,UTC,0.1,0,19,-0.6,3420,5.5
2023,3,4,07:00,UTC,0.1,0.3,19,-0.7,1400,5.4
2023,3,4,08:00,UTC,0.2,0,21,-0.4,3870,5
2023,3,4,09:00,UTC,0.1,0,22,-0.5,4270,5
2023,3,4,10:00,UTC,0.1,0,20,-0.1,11980,5.5
2023,3,4,11:00,UTC,0,0,22,0.2,6570,6.2
2023,3,4,12:00,UTC,0.2,0,21,0.6,9100,5.5
2023,3,4,13:00,UTC,0.2,0,22,0.5,9480,4
2023,3,4,14:00,UTC,0.1,0,21,0.4,50000,5.2
2023,3,4,15:00,UTC,0,0,21,0.3,50000,5
2023,3,4,16:00,UTC,0,0,21,-0.3,35570,4.5
2023,3,4,17:00,UTC,0,0,21,-0.7,10820,5.7
2023,3,4,18:00,UTC,0,0,22,-1.2,50000,3.9
2023,3,4,19:00,UTC,0,0,22,-1.4,50000,3.4
2023,3,4,20:00,UTC,0,0,22,-1.5,50000,3.8
2023,3,4,21:00,UTC,0,0,21,-1.6,28770,3.3
2023,3,4,22:00,UTC,0,0,21,-1.6,50000,4.1
2023,3,4,23:00,UTC,0,0,21,-1.9,32840,3.7
2023,3,5,00:00,UTC,0,0,21,-2.3,6100,4.2
2023,3,5,01:00,UTC,0.1,0,18,-2.7,9480,3.4
2023,3,5,02:00,UTC,0.1,0,21,-2.7,25150,3.4
2023,3,5,03:00,UTC,0,0,21,-2.5,32470,3.3
2023,3,5,04:00,UTC,0,0,22,-2.5,50000,3.8
2023,3,5,05:00,UTC,0,0,21,-2.5,50000,3
2023,3,5,06:00,UTC,0,0,21,-2.5,50000,2.7
2023,3,5,07:00,UTC,0,0,21,-2.2,50000,3.2
2023,3,5,08:00,UTC,0,0,21,-1.8,50000,3.8
2023,3,5,09:00,UTC,0,0,21,-1.7,35490,3.7
2023,3,5,10:00,UTC,0,0,21,-1.3,12440,2.1
2023,3,5,11:00,UTC,0,0,21,-1.3,22260,2.3
2023,3,5,12:00,UTC,0,0,21,-1,14740,1.1
2023,3,5,13:00,UTC,0,0,21,-1.2,48070,3.2
2023,3,5,14:00,UTC,0,0,21,-1,50000,2.7
2023,3,5,15:00,UTC,0,0,22,-1,50000,2
2023,3,5,16:00,UTC,0,0,22,-1.6,18450,2.8
2023,3,5,17:00,UTC,0,0,22,-1.7,50000,3.3
2023,3,5,18:00,UTC,0,0,21,-2.3,50000,2.9
2023,3,5,19:00,UTC,0,0,21,-2.4,50000,2.6
2023,3,5,20:00,UTC,0,0,21,-2.5,50000,2.8
2023,3,5,21:00,UTC,0,0,21,-2.7,50000,2.3
2023,3,5,22:00,UTC,0,0,21,-2.7,50000,3.2
2023,3,5,23:00,UTC,0,0,21,-2.7,39530,3.4
2023,3,6,00:00,UTC,0,0,21,-3,20730,3.3
2023,3,6,01:00,UTC,0,0,21,-3.2,12810,2.9
2023,3,6,02:00,UTC,0,0,21,-3.2,8680,2.1
2023,3,6,03:00,UTC,0,0,21,-3.3,50000,3
2023,3,6,04:00,UTC,0,0,21,-5.4,50000,4.3
2023,3,6,05:00,UTC,0,0,21,-6.8,50000,2.4
2023,3,6,06:00,UTC,0,0,21,-7,50000,2.7
2023,3,6,07:00,UTC,0,0,23,-6.2,47920,2.3
2023,3,6,08:00,UTC,0,0,24,-4.8,48940,2.5
2023,3,6,09:00,UTC,0,0,23,-3.7,36550,2.4
2023,3,6,10:00,UTC,0,0,22,-3,41450,2.7
2023,3,6,11:00,UTC,0,0,22,-2.6,42690,1.2
2023,3,6,12:00,UTC,0,0,21,-2.7,43360,2.8
2023,3,6,13:00,UTC,0,0,21,-2.9,50000,2.4
2023,3,6,14:00,UTC,0,0,22,-2.9,50000,2
2023,3,6,15:00,UTC,0,0,21,-3.2,50000,2.5
2023,3,6,16:00,UTC,0,0,21,-3.7,50000,2.8
2023,3,6,17:00,UTC,0,0,21,-4.7,9080,3.3
2023,3,6,18:00,UTC,0,0,21,-5.3,6090,2.7
2023,3,6,19:00,UTC,0,0,21,-5.8,39630,2.1
2023,3,6,20:00,UTC,0,0,22,-6.5,37950,1.6
2023,3,6,21:00,UTC,0,0,22,-7.6,50000,1.5
2023,3,6,22:00,UTC,0,0,22,-8.3,49890,2.2
2023,3,6,23:00,UTC,0,0,22,-9,42790,2.2
2023,3,7,00:00,UTC,0,0,22,-9.4,48900,2.9
2023,3,7,01:00,UTC,0,0,22,-9.9,49140,2
2023,3,7,02:00,UTC,0,0,22,-10.6,42140,1.8
2023,3,7,03:00,UTC,0,0,22,-10.9,46830,2
2023,3,7,04:00,UTC,0,0,22,-11.5,40840,1.7
2023,3,7,05:00,UTC,0,0,22,-11.8,23560,1.3
2023,3,7,06:00,UTC,0,0,22,-10.8,32190,2
2023,3,7,07:00,UTC,0,0,21,-8.2,22340,0.4
2023,3,7,08:00,UTC,0,0,22,-6.9,27410,1.5
2023,3,7,09:00,UTC,0,0,21,-5.3,29460,1.5
2023,3,7,10:00,UTC,0,0,21,-4.3,33490,2.6
2023,3,7,11:00,UTC,0,0,21,-4.1,33840,3.2
2023,3,7,12:00,UTC,0,0,21,-3.4,36490,3.6
2023,3,7,13:00,UTC,0,0,21,-3.2,41590,-
2023,3,7,14:00,UTC,0,0,21,-3.6,37800,-
2023,3,7,15:00,UTC,0,0,21,-3.9,46090,-
2023,3,7,16:00,UTC,0,0,21,-3.9,48280,-
2023,3,7,17:00,UTC,0,0,21,-3.4,50000,-
2023,3,7,18:00,UTC,0,0,21,-3,50000,-
2023,3,7,19:00,UTC,0,0,21,-2.9,50000,-
2023,3,7,20:00,UTC,0,0,22,-2.7,19260,-
2023,3,7,21:00,UTC,0.6,1,22,-2.8,650,-
2023,3,7,22:00,UTC,0.7,0.6,23,-2.6,1150,-
2023,3,7,23:00,UTC,0.5,0,23,-2.3,2160,-
2023,3,8,00:00,UTC,0.1,0,27,-2.4,8580,-
2023,3,8,01:00,UTC,0.2,0.3,23,-2.6,1500,-
2023,3,8,02:00,UTC,0.3,0.6,23,-3,760,-
2023,3,8,03:00,UTC,0.4,0,22,-2.7,3060,-
2023,3,8,04:00,UTC,0,0,21,-2.7,9170,-
2023,3,8,05:00,UTC,0,0,22,-2.8,4460,-
2023,3,8,06:00,UTC,0.2,0.3,22,-3,2940,-
2023,3,8,07:00,UTC,0.2,0.2,22,-3.6,3500,-
2023,3,8,08:00,UTC,-,0,22,-3.4,5600,-
2023,3,8,09:00,UTC,-,0,23,-3.8,7790,-
2023,3,8,10:00,UTC,0,0,22,-3.8,17690,-
2023,3,8,11:00,UTC,-,0,22,-3.2,42570,-
2023,3,8,12:00,UTC,0,0,22,-3.1,38710,-
2023,3,8,13:00,UTC,0,0,22,-3.1,48240,-
2023,3,8,14:00,UTC,0,0,22,-3.3,50000,-
2023,3,8,15:00,UTC,0,0,22,-3.9,50000,-
2023,3,8,16:00,UTC,0,0,22,-4.4,50000,-
2023,3,8,17:00,UTC,0,0,22,-5,50000,-
2023,3,8,18:00,UTC,0,0,22,-5.6,48280,-
2023,3,8,19:00,UTC,0,0,22,-5.8,41540,-
2023,3,8,20:00,UTC,0,0,22,-6.6,50000,-
2023,3,8,21:00,UTC,0,0,22,-6.6,50000,-
2023,3,8,22:00,UTC,0,0,22,-7.9,44660,-
2023,3,8,23:00,UTC,0,0,22,-9,50000,-
2023,3,9,00:00,UTC,0,0,27,-9.6,50000,-
2023,3,9,01:00,UTC,0,0,22,-10.3,50000,-
2023,3,9,02:00,UTC,0,0,22,-10.6,50000,-
2023,3,9,03:00,UTC,0,0,22,-11.1,50000,-
2023,3,9,04:00,UTC,0,0,22,-11.8,50000,-
2023,3,9,05:00,UTC,0,0,22,-12.4,50000,-
2023,3,9,06:00,UTC,0,0,22,-12.3,50000,-
2023,3,9,07:00,UTC,0,0,22,-10.6,46690,-
2023,3,9,08:00,UTC,0,0,22,-9.4,30120,-
2023,3,9,09:00,UTC,0,0,22,-7.7,40700,-
2023,3,9,10:00,UTC,0,0,22,-6.7,43730,4.3
2023,3,9,11:00,UTC,0,0,22,-5.4,35040,3.9
2023,3,9,12:00,UTC,0,0,22,-4.4,47520,4.4
2023,3,9,13:00,UTC,0,0,22,-3.3,47060,2.1
2023,3,9,14:00,UTC,0,0,22,-3.2,50000,2.8
2023,3,9,15:00,UTC,0,0,22,-3.9,50000,2.3
2023,3,9,16:00,UTC,0,0,22,-5.5,50000,2.3
2023,3,9,17:00,UTC,0,0,22,-6.9,40020,2.3
2023,3,9,18:00,UTC,0,0,22,-7.1,50000,2.1
2023,3,9,19:00,UTC,0,0,22,-7.5,50000,3.6
2023,3,9,20:00,UTC,0,0,22,-9.4,50000,2.2
2023,3,9,21:00,UTC,0,0,22,-9.4,50000,1.8
2023,3,9,22:00,UTC,0,0,22,-10.1,18150,1.9
2023,3,9,23:00,UTC,0,0,22,-9.8,15830,3
2023,3,10,00:00,UTC,0,0,25,-4.6,50000,4
2023,3,10,01:00,UTC,0,0,22,-3,50000,5.4
2023,3,10,02:00,UTC,0,0,22,-3.2,50000,4.8
2023,3,10,03:00,UTC,0,0,22,-2.8,50000,6.3
2023,3,10,04:00,UTC,0,0,22,-3,50000,6.6
2023,3,10,05:00,UTC,0,0,22,-2.9,50000,4.9
2023,3,10,06:00,UTC,0,0,22,-2,50000,7.1
2023,3,10,07:00,UTC,0,0,22,-1.5,49600,7.2
2023,3,10,08:00,UTC,0,0,22,-0.6,35170,7.2
2023,3,10,09:00,UTC,0,0,22,-0.4,35460,7.5
2023,3,10,10:00,UTC,0,0,22,0.2,41720,8.2
2023,3,10,11:00,UTC,0,0,22,0,42050,7.8
2023,3,10,12:00,UTC,0,0,22,-0.5,47010,6.7
2023,3,10,13:00,UTC,0,0,22,-0.5,41360,6.6
2023,3,10,14:00,UTC,0,0,22,-0.7,50000,5.3
2023,3,10,15:00,UTC,0,0,22,-0.6,50000,4.1
2023,3,10,16:00,UTC,0,0,22,-1.5,50000,3.8
2023,3,10,17:00,UTC,0,0,22,-2,50000,3.2
2023,3,10,18:00,UTC,0,0,22,-2.4,50000,3.5
2023,3,10,19:00,UTC,0,0,22,-2.7,50000,3.5
2023,3,10,20:00,UTC,0,0,22,-3.3,50000,5.3
2023,3,10,21:00,UTC,0,0,22,-3.6,50000,4.7
2023,3,10,22:00,UTC,0,0,22,-3.7,50000,4.5
2023,3,10,23:00,UTC,0,0,22,-4.3,50000,3.5
2023,3,11,00:00,UTC,0,0,22,-4.6,50000,3.1
2023,3,11,01:00,UTC,0,0,22,-5.7,50000,3.5
2023,3,11,02:00,UTC,0,0,22,-5.4,50000,4.3
2023,3,11,03:00,UTC,0,0,22,-5.5,50000,4
2023,3,11,04:00,UTC,0,0,22,-5.4,50000,4.2
2023,3,11,05:00,UTC,0,0,22,-4.8,50000,4.8
2023,3,11,06:00,UTC,0,0,22,-4.2,50000,4.9
2023,3,11,07:00,UTC,0,0,22,-5.1,49740,4.6
2023,3,11,08:00,UTC,0,0,22,-3.7,50000,6.4
2023,3,11,09:00,UTC,0,0,22,-2.9,44760,6.6
2023,3,11,10:00,UTC,0,0,22,-2.4,50000,6.2
2023,3,11,11:00,UTC,0,0,22,-3.2,3090,7
2023,3,11,12:00,UTC,0.2,0,22,-4.6,1640,6.5
2023,3,11,13:00,UTC,0.2,0,22,-4.7,12230,6.6
2023,3,11,14:00,UTC,0.1,0.7,21,-4.8,5360,8.3
2023,3,11,15:00,UTC,0.6,0.3,23,-5.1,1260,5.9
2023,3,11,16:00,UTC,0.6,0.7,25,-5,1800,4.6
2023,3,11,17:00,UTC,0.3,0,25,-5,3350,4.4
2023,3,11,18:00,UTC,0.1,0,24,-5,6950,3.9
2023,3,11,19:00,UTC,0,0,23,-5,13610,4
2023,3,11,20:00,UTC,0,0,24,-5.2,8490,4
2023,3,11,21:00,UTC,0.1,0,26,-5.5,7710,3.1
2023,3,11,22:00,UTC,0.3,0.4,26,-5.7,2330,2.8
2023,3,11,23:00,UTC,0.4,0.6,27,-5.9,1380,3.6
2023,3,12,00:00,UTC,0.4,0.4,28,-6,1730,3.6
2023,3,12,01:00,UTC,0.2,0.5,27,-6.2,2110,4.3
2023,3,12,02:00,UTC,0,0,27,-6.6,7660,4.3
2023,3,12,03:00,UTC,0,0,27,-7,6980,4.3
2023,3,12,04:00,UTC,0.1,0,27,-7.5,24680,4.4
2023,3,12,05:00,UTC,0,0,27,-7.8,50000,5
2023,3,12,06:00,UTC,0,0,27,-7,50000,4.2
2023,3,12,07:00,UTC,0,0,27,-5.6,50000,4.8
2023,3,12,08:00,UTC,0,0,27,-4.3,47960,4.3
2023,3,12,09:00,UTC,0,0,27,-3,46410,4.3
2023,3,12,10:00,UTC,0,0,27,-2.3,39470,5.3
2023,3,12,11:00,UTC,0,0,27,-2,43320,6.5
2023,3,12,12:00,UTC,0,0,27,-1,34460,7.3
2023,3,12,13:00,UTC,0,0,27,-0.6,11160,8.3
2023,3,12,14:00,UTC,0,0,27,-0.2,50000,4.8
2023,3,12,15:00,UTC,0,0,27,-0.6,38110,6.8
2023,3,12,16:00,UTC,0,0,27,-1.4,50000,5.5
2023,3,12,17:00,UTC,0,0,27,-2.3,50000,5.5
2023,3,12,18:00,UTC,0,0,26,-3.1,50000,4
2023,3,12,19:00,UTC,0,0,26,-4,50000,4.6
2023,3,12,20:00,UTC,0,0,26,-5,50000,3.4
2023,3,12,21:00,UTC,0,0,26,-5.3,50000,4.2
2023,3,12,22:00,UTC,0,0,26,-6.1,50000,3.3
2023,3,12,23:00,UTC,0,0,26,-6.5,50000,4.1
2023,3,13,00:00,UTC,0,0,30,-7.2,50000,4.2
2023,3,13,01:00,UTC,0,0,26,-7.3,50000,4.7
2023,3,13,02:00,UTC,0,0,26,-7.1,50000,5
2023,3,13,03:00,UTC,0,0,26,-7,50000,5.8
2023,3,13,04:00,UTC,0,0,26,-7.2,50000,5.3
2023,3,13,05:00,UTC,0,0,26,-6.8,50000,4.7
2023,3,13,06:00,UTC,0,0,26,-6,50000,4.4
2023,3,13,07:00,UTC,0,0,26,-4,40370,3.1
2023,3,13,08:00,UTC,0,0,26,-1.9,44470,2.8
2023,3,13,09:00,UTC,0,0,26,-0.8,39860,3.2
2023,3,13,10:00,UTC,0,0,26,0.2,39770,5.4
2023,3,13,11:00,UTC,0,0,26,0.8,38370,4.5
2023,3,13,12:00,UTC,0,0,26,1.2,48400,6
2023,3,13,13:00,UTC,0,0,26,0.9,44620,5
2023,3,13,14:00,UTC,0,0,26,0.7,44270,6.3
2023,3,13,15:00,UTC,0,0,26,0.4,50000,6.2
2023,3,13,16:00,UTC,0,0,26,0.3,34570,7.8
2023,3,13,17:00,UTC,0,0,26,0.3,48280,8.6
2023,3,13,18:00,UTC,0.1,0.4,26,-0.7,1730,8.9
2023,3,13,19:00,UTC,1.3,1.3,27,-1.4,790,10.3
2023,3,13,20:00,UTC,2.1,2.3,29,-1.4,590,10.9
2023,3,13,21:00,UTC,2.2,2.2,30,-1.2,720,8.6
2023,3,13,22:00,UTC,1.6,1.6,31,-0.8,920,7.4
2023,3,13,23:00,UTC,2,0.6,33,0.1,2410,5.8
2023,3,14,00:00,UTC,0.9,0.3,33,0.9,2690,5.7
2023,3,14,01:00,UTC,1,0.4,33,1.8,9420,8.7
2023,3,14,02:00,UTC,0.5,0.4,32,2.4,3390,8.6
2023,3,14,03:00,UTC,1.9,1.7,30,3.7,6610,8.9
2023,3,14,04:00,UTC,1.3,1.1,29,3.2,4510,6.8
2023,3,14,05:00,UTC,2.4,4,28,3.3,5020,8.4
2023,3,14,06:00,UTC,1.8,1.3,28,3.1,4970,8.7
2023,3,14,07:00,UTC,0.3,0.3,27,3.1,4200,9.4
2023,3,14,08:00,UTC,0.2,0.3,27,3.2,6640,9.4
2023,3,14,09:00,UTC,0.1,0,27,3.5,9670,10.5
2023,3,14,10:00,UTC,0.1,0.4,26,3.5,6580,10.2
2023,3,14,11:00,UTC,0.2,0,26,3.4,4110,8
2023,3,14,12:00,UTC,0.1,0.4,24,3.1,5260,6.9
2023,3,14,13:00,UTC,0.1,0,25,3.1,4490,9
2023,3,14,14:00,UTC,0.3,0.6,25,3,2250,7.2
2023,3,14,15:00,UTC,0.4,0.3,24,3.2,5610,6
2023,3,14,16:00,UTC,0.2,0.3,24,2.9,3740,5.2
2023,3,14,17:00,UTC,0.5,0.3,24,3.6,3300,5.3
2023,3,14,18:00,UTC,0.3,0.6,24,3.7,8120,5.5
2023,3,14,19:00,UTC,1.4,3.1,23,4.2,3810,6
2023,3,14,20:00,UTC,0.5,0.7,23,4,3250,7.6
2023,3,14,21:00,UTC,0.2,0,22,4,4310,8.6
2023,3,14,22:00,UTC,0.1,0,22,3.8,1970,4.6
2023,3,14,23:00,UTC,0.1,0,21,2.8,880,5.7
2023,3,15,00:00,UTC,0,0,21,2.3,570,5.5
2023,3,15,01:00,UTC,0,0,21,2.2,1520,4.6
2023,3,15,02:00,UTC,0,0,21,1.8,26670,4.6
2023,3,15,03:00,UTC,0,0,21,1.1,50000,5.8
2023,3,15,04:00,UTC,0,0,21,0.6,50000,4.8
2023,3,15,05:00,UTC,0,0,21,0.5,15800,5.2
2023,3,15,06:00,UTC,0,0,21,0.5,50000,5.6
2023,3,15,07:00,UTC,0,0,21,0.5,50000,5.8
2023,3,15,08:00,UTC,0,0,21,0.8,50000,4.9
2023,3,15,09:00,UTC,0,0,21,2,42870,4.9
2023,3,15,10:00,UTC,0,0,21,2.7,45670,6
2023,3,15,11:00,UTC,0,0,21,3.1,49340,6
2023,3,15,12:00,UTC,0,0,21,3.2,50000,6.3
2023,3,15,13:00,UTC,0,0,21,3.3,36460,6.6
2023,3,15,14:00,UTC,0,0,20,3,37530,7.7
2023,3,15,15:00,UTC,0,0,20,2.3,50000,7
2023,3,15,16:00,UTC,0,0,20,1.4,50000,7.8
2023,3,15,17:00,UTC,0,0,20,0.9,47870,7.7
2023,3,15,18:00,UTC,0,0,20,0.4,46020,5.2
2023,3,15,19:00,UTC,0,0,20,-0.3,44750,4.1
2023,3,15,20:00,UTC,0,0,20,-0.7,50000,4.5
2023,3,15,21:00,UTC,0,0,20,-1.2,50000,3.9
2023,3,15,22:00,UTC,0,0,20,-1.9,50000,3.2
2023,3,15,23:00,UTC,0,0,20,-2.7,50000,2.4
2023,3,16,00:00,UTC,0,0,20,-3.2,50000,2.5
2023,3,16,01:00,UTC,0,0,21,-2.9,50000,1.9
2023,3,16,02:00,UTC,0,0,20,-2.1,50000,2
2023,3,16,03:00,UTC,0,0,20,-1.6,27220,2.1
2023,3,16,04:00,UTC,0,0,20,-2.4,50000,1.9
2023,3,16,05:00,UTC,0,0,20,-2.7,50000,3.1
2023,3,16,06:00,UTC,0,0,20,-2.1,50000,3.1
2023,3,16,07:00,UTC,0,0,20,-0.2,50000,2.2
2023,3,16,08:00,UTC,0,0,20,1.5,50000,3.4
2023,3,16,09:00,UTC,0,0,20,2.5,50000,3.6
2023,3,16,10:00,UTC,0,0,20,3.1,42310,2.8
2023,3,16,11:00,UTC,0,0,20,3.6,50000,1.4
2023,3,16,12:00,UTC,0,0,20,2.5,50000,5.7
2023,3,16,13:00,UTC,0,0,20,2.6,50000,4.8
2023,3,16,14:00,UTC,0,0,20,2.5,48340,5.3
2023,3,16,15:00,UTC,0,0,20,1.7,50000,3.8
2023,3,16,16:00,UTC,0,0,20,1.2,50000,4.3
2023,3,16,17:00,UTC,0,0,20,0.2,50000,5.1
2023,3,16,18:00,UTC,0,0,20,-0.6,50000,4.5
2023,3,16,19:00,UTC,0,0,20,-1.3,50000,3.2
2023,3,16,20:00,UTC,0,0,20,-1,50000,3.2
2023,3,16,21:00,UTC,0,0,20,-2,50000,3.6
2023,3,16,22:00,UTC,0,0,20,-2.7,50000,3.1
2023,3,16,23:00,UTC,0,0,20,-2.8,50000,2.8
2023,3,17,00:00,UTC,0,0,20,-3.6,50000,2.5
2023,3,17,01:00,UTC,0,0,20,-4.1,50000,1.6
2023,3,17,02:00,UTC,0,0,20,-4.9,50000,1.3
2023,3,17,03:00,UTC,0,0,20,-5.9,50000,1.6
2023,3,17,04:00,UTC,0,0,20,-5.7,50000,1.1
2023,3,17,05:00,UTC,0,0,20,-5.6,50000,1.8
2023,3,17,06:00,UTC,0,0,20,-4.5,31000,0.5
2023,3,17,07:00,UTC,0,0,20,-1.4,38390,1.1
2023,3,17,08:00,UTC,0,0,20,0.4,37210,1.5
2023,3,17,09:00,UTC,0,0,20,1.5,35110,2.5
2023,3,17,10:00,UTC,0,0,20,1.9,46080,2.8
2023,3,17,11:00,UTC,0,0,20,1.6,44670,3
2023,3,17,12:00,UTC,0,0,20,1.7,49580,3.5
2023,3,17,13:00,UTC,0,0,20,1.8,42810,4
2023,3,17,14:00,UTC,0,0,20,1.1,50000,4.1
2023,3,17,15:00,UTC,0,0,20,0.6,50000,3.1
2023,3,17,16:00,UTC,0,0,20,0.3,50000,4.3
2023,3,17,17:00,UTC,0,0,20,0.7,50000,4.4
2023,3,17,18:00,UTC,0,0,20,1.5,50000,4.7
2023,3,17,19:00,UTC,0,0,20,0.8,32770,6.2
2023,3,17,20:00,UTC,0,0,20,0.7,36690,3.5
2023,3,17,21:00,UTC,0,0,20,0.9,34880,5
2023,3,17,22:00,UTC,0,0,20,1.4,47510,5.2
2023,3,17,23:00,UTC,0,0,20,1.8,31640,5.6
2023,3,18,00:00,UTC,0,0,20,2.1,37760,6.3
2023,3,18,01:00,UTC,0,0,20,2.3,34190,6.3
2023,3,18,02:00,UTC,0,0,20,2.3,48420,6.2
2023,3,18,03:00,UTC,0,0,20,2.4,46570,7.4
2023,3,18,04:00,UTC,0,0,20,2.4,50000,6.5
2023,3,18,05:00,UTC,0,0,20,2.9,30060,8.7
2023,3,18,06:00,UTC,0,0,20,3.1,48890,7
2023,3,18,07:00,UTC,0,0,20,2.7,46460,7.1
2023,3,18,08:00,UTC,0,0,20,3.4,37010,7.2
2023,3,18,09:00,UTC,0,0,20,3.8,45390,7.6
2023,3,18,10:00,UTC,0,0,20,4.5,42920,7.3
2023,3,18,11:00,UTC,0,0,20,5.5,39370,6.1
2023,3,18,12:00,UTC,0,0,20,5.4,37710,5.8
2023,3,18,13:00,UTC,0,0,19,5.1,46030,6
2023,3,18,14:00,UTC,0,0,18,4.7,50000,7.2
2023,3,18,15:00,UTC,0,0,17,4.4,50000,5.8
2023,3,18,16:00,UTC,0,0,18,4.7,50000,5.1
2023,3,18,17:00,UTC,0,0,17,5,50000,6.8
2023,3,18,18:00,UTC,0,0,17,4.2,50000,6.4
2023,3,18,19:00,UTC,0,0,16,3.1,47450,5
2023,3,18,20:00,UTC,0,0,17,3,50000,4.3
2023,3,18,21:00,UTC,0,0,17,3.1,50000,6.3
2023,3,18,22:00,UTC,0.2,0,16,2.4,13360,8.4
2023,3,18,23:00,UTC,0.1,0,16,2.5,27040,4.6
2023,3,19,00:00,UTC,0.1,0,16,2.4,12920,4.2
2023,3,19,01:00,UTC,0.2,0.3,16,2.5,18130,3.6
2023,3,19,02:00,UTC,0.8,0.6,14,2.4,16260,4.5
2023,3,19,03:00,UTC,0.1,0,14,2.4,22420,2.1
2023,3,19,04:00,UTC,0,0,15,2.1,24760,2
2023,3,19,05:00,UTC,0,0,15,2,35680,1
2023,3,19,06:00,UTC,0,0,15,2.1,21580,1.4
2023,3,19,07:00,UTC,0.1,0,15,2.6,11330,1.2
2023,3,19,08:00,UTC,0,0,15,3.3,19110,0.9
2023,3,19,09:00,UTC,0,0,15,4.5,19770,1.6
2023,3,19,10:00,UTC,0,0,14,5.3,21540,1.6
2023,3,19,11:00,UTC,0,0,13,5.1,20130,0.9
2023,3,19,12:00,UTC,0,0,13,4.7,23080,1.1
2023,3,19,13:00,UTC,0,0,14,3.9,17890,2.7
2023,3,19,14:00,UTC,0,0,12,3.4,15190,2
2023,3,19,15:00,UTC,0,0,13,3.7,14850,1.5
2023,3,19,16:00,UTC,0,0,13,3,11330,2.4
2023,3,19,17:00,UTC,0,0,13,2.9,11880,1.6
2023,3,19,18:00,UTC,0,0,13,1.9,1040,2
2023,3,19,19:00,UTC,0,0,13,1.3,180,2.5
2023,3,19,20:00,UTC,0,0,13,0.9,240,1.6
2023,3,19,21:00,UTC,0,0,13,0.3,240,1.6
2023,3,19,22:00,UTC,0,0,13,0.6,240,2.2
2023,3,19,23:00,UTC,0,0,13,0.7,320,2.7
2023,3,20,00:00,UTC,0,0,14,1.3,340,2.6
2023,3,20,01:00,UTC,0,0,13,1.1,340,2.1
2023,3,20,02:00,UTC,0,0,13,1.1,1680,2.5
2023,3,20,03:00,UTC,0,0,13,1.1,1000,3.2
2023,3,20,04:00,UTC,0,0,13,1,800,4.2
2023,3,20,05:00,UTC,0,0,13,0.9,690,1.9
2023,3,20,06:00,UTC,0,0,13,0.7,630,4.5
2023,3,20,07:00,UTC,0,0,13,0.7,680,3.6
2023,3,20,08:00,UTC,0,0,13,0.7,1910,4.1
2023,3,20,09:00,UTC,0,0,12,1.3,920,5.6
2023,3,20,10:00,UTC,0,0,12,1.6,9670,3.9
2023,3,20,11:00,UTC,0,0,11,1.9,2960,3.2
2023,3,20,12:00,UTC,0,0,10,2.2,570,4
2023,3,20,13:00,UTC,0.4,0,12,2.1,670,4
2023,3,20,14:00,UTC,0.3,0,12,2.1,2020,4.5
2023,3,20,15:00,UTC,0,0,12,2.4,1640,4.4
2023,3,20,16:00,UTC,0.1,0.3,12,2.5,520,3.2
2023,3,20,17:00,UTC,0.3,0,12,2.5,2600,3.3
2023,3,20,18:00,UTC,0.7,0.9,11,2.3,1310,1.7
2023,3,20,19:00,UTC,0.2,0,11,2.3,2640,1.6
2023,3,20,20:00,UTC,0.3,0.6,11,2.1,3490,2.8
2023,3,20,21:00,UTC,0.3,0,11,1.7,11350,3.7
2023,3,20,22:00,UTC,0.1,0,11,1.1,36820,3.6
2023,3,20,23:00,UTC,0,0,11,1.2,50000,4.8
2023,3,21,00:00,UTC,0,0,12,1.1,50000,3.5
2023,3,21,01:00,UTC,0,0,11,0.8,50000,3.3
2023,3,21,02:00,UTC,0,0,11,0.6,50000,3.6
2023,3,21,03:00,UTC,0,0,11,0.4,50000,3.2
2023,3,21,04:00,UTC,0,0,11,-0.3,50000,2.6
2023,3,21,05:00,UTC,0,0,11,-0.9,50000,2.8
2023,3,21,06:00,UTC,0,0,11,0.2,50000,3
2023,3,21,07:00,UTC,0,0,11,1.6,48160,2.2
2023,3,21,08:00,UTC,0,0,11,2.4,50000,2.8
2023,3,21,09:00,UTC,0,0,11,3,47240,2.9
2023,3,21,10:00,UTC,0,0,11,4.2,48150,3
2023,3,21,11:00,UTC,0,0,11,5.3,41090,2.7
2023,3,21,12:00,UTC,0,0,11,5.2,47040,4.6
2023,3,21,13:00,UTC,0,0,11,5.4,50000,5
2023,3,21,14:00,UTC,0,0,11,4.8,50000,5.8
2023,3,21,15:00,UTC,0,0,10,3.9,50000,5.1
2023,3,21,16:00,UTC,0,0,11,2.7,50000,4.5
2023,3,21,17:00,UTC,0,0,11,1.6,50000,4.7
2023,3,21,18:00,UTC,0,0,11,0.2,50000,4.5
2023,3,21,19:00,UTC,0,0,11,0,50000,3.4
2023,3,21,20:00,UTC,0,0,11,-0.6,50000,3.1
2023,3,21,21:00,UTC,0,0,11,-0.9,50000,4
2023,3,21,22:00,UTC,0,0,11,-1,50000,3.5
2023,3,21,23:00,UTC,0,0,11,-0.7,50000,2.5
2023,3,22,00:00,UTC,0,0,11,-0.5,43070,3.4
2023,3,22,01:00,UTC,0,0,11,-0.2,50000,3.9
2023,3,22,02:00,UTC,0,0,11,0,50000,4.3
2023,3,22,03:00,UTC,0,0,11,0.1,50000,2.9
2023,3,22,04:00,UTC,0,0,11,0.4,50000,4.8
2023,3,22,05:00,UTC,0,0,11,0.4,50000,5.1
2023,3,22,06:00,UTC,0.1,0.3,11,0.3,4520,3.7
2023,3,22,07:00,UTC,0.2,0,11,0.5,4700,5.3
2023,3,22,08:00,UTC,0.5,0.6,11,0.4,2940,4
2023,3,22,09:00,UTC,0.5,0.6,10,0.7,1890,5.8
2023,3,22,10:00,UTC,0.6,0.8,11,0.8,3160,5.8
2023,3,22,11:00,UTC,1.1,2,12,0.7,2630,6.3
2023,3,22,12:00,UTC,1,1.3,9,0.9,2970,5.2
2023,3,22,13:00,UTC,0.9,1.3,11,1.8,6710,6
2023,3,22,14:00,UTC,0.4,0.4,11,2.2,2350,6
2023,3,22,15:00,UTC,0.1,0,11,2.4,2010,6.5
2023,3,22,16:00,UTC,0.2,0.3,11,2.8,1310,6.6
2023,3,22,17:00,UTC,0.2,0,11,3,580,7.6
2023,3,22,18:00,UTC,0.1,0,10,3.3,740,7.5
2023,3,22,19:00,UTC,0,0,11,3.3,1130,7.6
2023,3,22,20:00,UTC,0,0,10,3,350,7.3
2023,3,22,21:00,UTC,0,0,9,3.1,390,7.2
2023,3,22,22:00,UTC,0.3,0.6,9,3.1,850,7
2023,3,22,23:00,UTC,1.3,0.9,8,3.3,2140,7
2023,3,23,00:00,UTC,0.7,0.6,9,3.1,2240,8.2
2023,3,23,01:00,UTC,1,1,9,3.5,3890,7.8
2023,3,23,02:00,UTC,0.5,0,8,3.8,3820,7.4
2023,3,23,03:00,UTC,0,0,8,3.8,2520,7.2
2023,3,23,04:00,UTC,0,0,8,3.9,5970,5.8
2023,3,23,05:00,UTC,0,0,8,3.5,7830,6.3
2023,3,23,06:00,UTC,0,0,8,3.5,14570,7.2
2023,3,23,07:00,UTC,0,0,7,3.7,20910,8.5
2023,3,23,08:00,UTC,0,0,7,4.1,21670,8
2023,3,23,09:00,UTC,0,0,7,4.7,19970,7.8
2023,3,23,10:00,UTC,0,0,7,5.6,21070,7.8
2023,3,23,11:00,UTC,0,0,6,6.4,22360,7.5
2023,3,23,12:00,UTC,0,0,6,6.5,20170,7.1
2023,3,23,13:00,UTC,0,0,6,7.8,21060,5.6
2023,3,23,14:00,UTC,0,0,5,5.8,17100,5.6
2023,3,23,15:00,UTC,0,0,6,5.5,17720,5.1
2023,3,23,16:00,UTC,0,0,6,3.9,18640,4.2
2023,3,23,17:00,UTC,0,0,6,2.7,15400,4
2023,3,23,18:00,UTC,0,0,6,2,12240,2.4
2023,3,23,19:00,UTC,0,0,6,1.4,7460,2
2023,3,23,20:00,UTC,0,0,6,0.9,470,1.4
2023,3,23,21:00,UTC,0,0,6,0.7,250,1.3
2023,3,23,22:00,UTC,0,0,6,0.3,210,0.8
2023,3,23,23:00,UTC,0,0,6,-0.1,190,0.5
2023,3,24,00:00,UTC,0,0,6,-0.2,220,0.9
2023,3,24,01:00,UTC,0,0,6,-0.1,310,1.4
2023,3,24,02:00,UTC,0,0,6,0,3740,0.9
2023,3,24,03:00,UTC,0,0,6,0.1,3020,1.7
2023,3,24,04:00,UTC,0,0,6,0.5,840,1.3
2023,3,24,05:00,UTC,0,0,6,1.1,440,1.9
2023,3,24,06:00,UTC,1.1,0.3,6,2.3,3240,3.1
2023,3,24,07:00,UTC,0,0,5,2.9,1240,4.9
2023,3,24,08:00,UTC,0,0,4,3.2,4900,4.8
2023,3,24,09:00,UTC,0,0,4,4,22680,5.2
2023,3,24,10:00,UTC,0,0,4,4.7,21020,4.8
2023,3,24,11:00,UTC,0,0,2,3.8,11860,5.7
2023,3,24,12:00,UTC,0,0,2,4.2,13470,6.3
2023,3,24,13:00,UTC,0,0,2,4.8,15650,4.2
2023,3,24,14:00,UTC,0,0,2,5.2,14570,4.1
2023,3,24,15:00,UTC,0.1,0,0,5.1,13100,3.5
2023,3,24,16:00,UTC,0,0,0,4.8,13800,2.5
2023,3,24,17:00,UTC,0,0,0,4,11350,2.3
2023,3,24,18:00,UTC,0.9,1.4,0,4.2,5840,4.8
2023,3,24,19:00,UTC,2.3,2.3,2,4.9,4640,4.6
2023,3,24,20:00,UTC,3,3.6,2,5,5380,6.8
2023,3,24,21:00,UTC,3.7,3.7,2,4.8,4220,5.9
2023,3,24,22:00,UTC,1.9,1,2,4.4,3610,5.2
2023,3,24,23:00,UTC,0.1,0.3,0,4.1,7710,6.7
2023,3,25,00:00,UTC,0,0,0,3.9,35660,6.5
2023,3,25,01:00,UTC,0,0,0,4.2,37500,8
2023,3,25,02:00,UTC,0,0,0,3.7,24760,7.5
2023,3,25,03:00,UTC,0.2,0.7,0,3.5,9100,8.4
2023,3,25,04:00,UTC,1.9,2.4,0,3.6,5270,8.8
2023,3,25,05:00,UTC,0.7,0.4,0,2.7,7970,7.8
2023,3,25,06:00,UTC,0,0,0,2.7,7320,4.2
2023,3,25,07:00,UTC,0,0,0,3.6,10710,6.2
2023,3,25,08:00,UTC,0,0,0,3.1,33800,6
2023,3,25,09:00,UTC,0,0,0,2.7,31310,6.6
2023,3,25,10:00,UTC,0,0,0,3.2,50000,6.8
2023,3,25,11:00,UTC,0,0,0,2.8,50000,5.8
2023,3,25,12:00,UTC,0,0,0,3.3,50000,4.6
2023,3,25,13:00,UTC,0,0,0,3.6,48500,4.5
2023,3,25,14:00,UTC,0,0,0,4.1,50000,3.3
2023,3,25,15:00,UTC,0,0,0,3.2,50000,2.1
2023,3,25,16:00,UTC,0,0,0,2.4,50000,1.9
2023,3,25,17:00,UTC,0,0,0,2.1,31420,2.5
2023,3,25,18:00,UTC,0,0,0,1,3830,2.5
2023,3,25,19:00,UTC,0.5,0,0,0.8,10930,2.7
2023,3,25,20:00,UTC,1.3,0,2,0,11510,4.1
2023,3,25,21:00,UTC,0.6,2.1,2,-0.7,2180,3.8
2023,3,25,22:00,UTC,0.2,0,3,-0.6,8340,4.2
2023,3,25,23:00,UTC,0,0,3,-0.5,13930,3.6
2023,3,26,00:00,UTC,0,0,3,-0.6,12500,3
2023,3,26,01:00,UTC,0,0,3,-0.7,16290,4.3
2023,3,26,02:00,UTC,0,0,2,-0.7,10070,3.8
2023,3,26,03:00,UTC,0,0,2,-1.3,15460,4
2023,3,26,04:00,UTC,0,0,2,-1.5,14130,4.2
2023,3,26,05:00,UTC,0.2,0,0,-1.8,3280,3.4
2023,3,26,06:00,UTC,0.6,0,2,-2,4090,3.7
2023,3,26,07:00,UTC,0,0,2,-1.8,17010,3.9
2023,3,26,08:00,UTC,0,0,5,-1.4,4500,5.1
2023,3,26,09:00,UTC,0,0,4,-0.8,6570,4.5
2023,3,26,10:00,UTC,0,0,4,-0.4,31330,4.6
2023,3,26,11:00,UTC,0,0,4,-0.3,50000,4.2
2023,3,26,12:00,UTC,0,0,4,-0.2,34860,4
2023,3,26,13:00,UTC,0,0,4,-0.2,50000,3.8
2023,3,26,14:00,UTC,0,0,3,-0.3,21710,5.1
2023,3,26,15:00,UTC,0,0,3,-0.3,15630,5.4
2023,3,26,16:00,UTC,0,0,3,-0.7,12310,6.5
2023,3,26,17:00,UTC,0,0,3,-1,11430,5.6
2023,3,26,18:00,UTC,0.1,0.4,3,-1.5,3410,4.8
2023,3,26,19:00,UTC,0.2,0.4,4,-1.9,5040,4.1
2023,3,26,20:00,UTC,0,0,4,-2.2,3750,5.4
2023,3,26,21:00,UTC,0.2,0.3,4,-2.6,4810,5.8
2023,3,26,22:00,UTC,0.3,0.7,4,-3.1,1680,5.6
2023,3,26,23:00,UTC,0.2,0,4,-3.2,4360,6.1
2023,3,27,00:00,UTC,0.2,0,4,-3.1,9050,5.3
2023,3,27,01:00,UTC,0,0,4,-3.2,2590,6.1
2023,3,27,02:00,UTC,0.5,0.4,4,-3.4,1960,5.5
2023,3,27,03:00,UTC,0.2,0.7,6,-3.5,1680,4.7
2023,3,27,04:00,UTC,0.7,1.3,7,-3.8,750,4.4
2023,3,27,05:00,UTC,0.8,1,7,-3.8,950,4.9
2023,3,27,06:00,UTC,0.4,0.5,9,-3.5,2240,6.1
2023,3,27,07:00,UTC,0.1,0,10,-3.1,3210,6.6
2023,3,27,08:00,UTC,0,0,10,-2.6,4320,6
2023,3,27,09:00,UTC,0.2,0.4,9,-2.4,1580,6.3
2023,3,27,10:00,UTC,0.6,1,9,-2.6,670,7.7
2023,3,27,11:00,UTC,2,0.7,14,-2.1,910,6.2
2023,3,27,12:00,UTC,0.2,0,14,-1.5,1790,6.6
2023,3,27,13:00,UTC,0.5,0.4,14,-1.6,1110,5.3
2023,3,27,14:00,UTC,1.4,0.3,15,-1.4,1330,4.5
2023,3,27,15:00,UTC,0.4,0,14,-1.3,1970,5.4
2023,3,27,16:00,UTC,0.4,0.8,15,-1.5,910,6.8
2023,3,27,17:00,UTC,0.7,0.7,18,-1.5,1060,5.3
2023,3,27,18:00,UTC,1.1,1,19,-0.9,2020,1
2023,3,27,19:00,UTC,0,0,19,-1,45860,2.3
2023,3,27,20:00,UTC,0,0,19,-0.8,50000,2.3
2023,3,27,21:00,UTC,0,0,19,-0.8,50000,1.8
2023,3,27,22:00,UTC,0,0,19,-0.9,22800,1.2
2023,3,27,23:00,UTC,0,0,18,-1,38890,1.7
2023,3,28,00:00,UTC,0,0,18,-1,48230,0.8
2023,3,28,01:00,UTC,0,0,18,-0.9,50000,3.7
2023,3,28,02:00,UTC,0,0,18,-1.1,50000,2.7
2023,3,28,03:00,UTC,0,0,17,-0.8,50000,3.8
2023,3,28,04:00,UTC,0,0,18,-1,14780,3.5
2023,3,28,05:00,UTC,0.1,0,18,-0.9,43050,2.7
2023,3,28,06:00,UTC,0,0,17,0,47800,3.8
2023,3,28,07:00,UTC,0,0,17,0.2,40800,4.5
2023,3,28,08:00,UTC,0,0,16,1.4,41450,4.1
2023,3,28,09:00,UTC,0,0,17,1.4,50000,5
2023,3,28,10:00,UTC,0,0,15,1.5,38290,4.6
2023,3,28,11:00,UTC,0,0,15,1.7,50000,4.2
2023,3,28,12:00,UTC,0,0,14,2.3,37820,3.8
2023,3,28,13:00,UTC,0,0,14,1.7,45370,2.8
2023,3,28,14:00,UTC,0,0,14,1.2,45810,3.4
2023,3,28,15:00,UTC,0,0,14,1.1,47740,3.2
2023,3,28,16:00,UTC,0,0,14,0.3,50000,3.1
2023,3,28,17:00,UTC,0,0,14,-0.7,50000,2.4
2023,3,28,18:00,UTC,0,0,14,-1.7,50000,0.8
2023,3,28,19:00,UTC,0,0,14,-2.5,50000,0.5
2023,3,28,20:00,UTC,0,0,14,-3.4,45940,2.3
2023,3,28,21:00,UTC,0,0,14,-4.2,32410,3.5
2023,3,28,22:00,UTC,0,0,13,-4.5,45280,3.2
2023,3,28,23:00,UTC,0,0,13,-4.8,50000,3.8
2023,3,29,00:00,UTC,0,0,14,-5.2,45460,3
2023,3,29,01:00,UTC,0,0,14,-4.1,46310,3.9
2023,3,29,02:00,UTC,0,0,13,-5,50000,3.5
2023,3,29,03:00,UTC,0,0,14,-4.9,50000,3.5
2023,3,29,04:00,UTC,0,0,14,-3.6,50000,3.5
2023,3,29,05:00,UTC,0,0,14,-3.3,50000,2.7
2023,3,29,06:00,UTC,0,0,13,-2.7,50000,4.7
2023,3,29,07:00,UTC,0,0,13,-2,50000,4.5
2023,3,29,08:00,UTC,0,0,13,-2.5,39940,4.8
2023,3,29,09:00,UTC,0,0,13,-2.8,46330,4.9
2023,3,29,10:00,UTC,0,0,13,-1.5,35130,3.6
2023,3,29,11:00,UTC,0,0,13,-0.8,43190,4
2023,3,29,12:00,UTC,0,0,13,-0.5,39180,4.6
2023,3,29,13:00,UTC,0,0,13,-1.1,49510,4.2
2023,3,29,14:00,UTC,0,0,13,-0.3,50000,4.3
2023,3,29,15:00,UTC,0,0,13,-1.2,50000,4.5
2023,3,29,16:00,UTC,0,0,13,-1.5,50000,3.7
2023,3,29,17:00,UTC,0,0,13,-2.4,50000,2.8
2023,3,29,18:00,UTC,0,0,13,-4.3,50000,2
2023,3,29,19:00,UTC,0,0,13,-4.6,50000,2.6
2023,3,29,20:00,UTC,0,0,13,-4.4,50000,2.3
2023,3,29,21:00,UTC,0,0,13,-5.7,46330,2.9
2023,3,29,22:00,UTC,0,0,13,-6,50000,3
2023,3,29,23:00,UTC,0,0,13,-7,50000,3.2
2023,3,30,00:00,UTC,0,0,13,-7.2,50000,2.2
2023,3,30,01:00,UTC,0,0,13,-8,50000,1.7
2023,3,30,02:00,UTC,0,0,13,-8.3,50000,2.3
2023,3,30,03:00,UTC,0,0,13,-8.9,50000,2.4
2023,3,30,04:00,UTC,0,0,13,-9.3,50000,2.1
2023,3,30,05:00,UTC,0,0,13,-8.1,25230,1.5
2023,3,30,06:00,UTC,0,0,13,-5.7,25490,1.5
2023,3,30,07:00,UTC,0,0,13,-2.9,31740,1.1
2023,3,30,08:00,UTC,0,0,13,-1.3,29540,2
2023,3,30,09:00,UTC,0,0,13,-0.6,42820,2.2
2023,3,30,10:00,UTC,0,0,14,-0.4,32340,2.8
2023,3,30,11:00,UTC,0,0,13,-0.2,45720,2.7
2023,3,30,12:00,UTC,0,0,12,-0.6,42700,3.5
2023,3,30,13:00,UTC,0,0,12,-0.2,43680,3
2023,3,30,14:00,UTC,0,0,12,-0.4,41850,3.6
2023,3,30,15:00,UTC,0,0,12,-0.8,50000,3.9
2023,3,30,16:00,UTC,0,0,12,-1.2,50000,4.1
2023,3,30,17:00,UTC,0,0,12,-1.8,50000,2.7
2023,3,30,18:00,UTC,0,0,12,-1.8,50000,1.9
2023,3,30,19:00,UTC,0,0,12,-1.6,50000,2.5
2023,3,30,20:00,UTC,0,0,12,-1.7,50000,1.9
2023,3,30,21:00,UTC,0,0,12,-1.8,50000,1.8
2023,3,30,22:00,UTC,0,0,11,-2.1,50000,1.8
2023,3,30,23:00,UTC,0,0,11,-2.5,47510,2.2
2023,3,31,00:00,UTC,0,0,12,-2.4,50000,2.3
2023,3,31,01:00,UTC,0,0,11,-2.8,39980,2.2
2023,3,31,02:00,UTC,0,0,11,-2.9,22700,2.2
2023,3,31,03:00,UTC,0,0,11,-3,38160,2.6
2023,3,31,04:00,UTC,0,0,11,-3,31570,2.7
2023,3,31,05:00,UTC,0,0,11,-2.9,26740,2.4
2023,3,31,06:00,UTC,0,0,11,-2.1,25340,2.8
2023,3,31,07:00,UTC,0,0,11,-1.5,32600,2.7
2023,3,31,08:00,UTC,0,0,11,-1.1,40270,3.8
2023,3,31,09:00,UTC,0,0,11,-0.7,42600,3.1
2023,3,31,10:00,UTC,0,0,11,1,35030,2.8
2023,3,31,11:00,UTC,0,0,11,1.5,41160,3.1
2023,3,31,12:00,UTC,0,0,11,1.5,38950,3.1
2023,3,31,13:00,UTC,0,0,10,1.5,42940,3
2023,3,31,14:00,UTC,0,0,10,1.7,41290,3.6
2023,3,31,15:00,UTC,0,0,10,1.6,50000,4
2023,3,31,16:00,UTC,0,0,10,1,43430,4.8
2023,3,31,17:00,UTC,0,0,10,0.4,50000,4
2023,3,31,18:00,UTC,0,0,10,-0.7,50000,2.9
2023,3,31,19:00,UTC,0,0,10,-1.3,50000,3.3
2023,3,31,20:00,UTC,0,0,10,-1.8,50000,4
2023,3,31,21:00,UTC,0,0,10,-2.3,50000,4.2
2023,3,31,22:00,UTC,0,0,10,-3.2,50000,2.5
2023,3,31,23:00,UTC,0,0,10,-4.4,50000,2.7
2023,4,1,00:00,UTC,0,0,10,-4.3,50000,3.7