,pvm,vuosi,kvartaali,kuukausi,paiva,date,viikonpaiva
0,20190101,2019,1,01,01,2019-01-01,tiistai
1,20190102,2019,1,01,02,2019-01-02,keskiviikko
2,20190103,2019,1,01,03,2019-01-03,torstai
3,20190104,2019,1,01,04,2019-01-04,perjaintai
4,20190105,2019,1,01,05,2019-01-05,lauantai
5,20190106,2019,1,01,06,2019-01-06,sunnuntai
6,20190107,2019,1,01,07,2019-01-07,maanantai
7,20190108,2019,1,01,08,2019-01-08,tiistai
8,20190109,2019,1,01,09,2019-01-09,keskiviikko
9,20190110,2019,1,01,10,2019-01-10,torstai
10,20190111,2019,1,01,11,2019-01-11,perjaintai
11,20190112,2019,1,01,12,2019-01-12,lauantai
12,20190113,2019,1,01,13,2019-01-13,sunnuntai
13,20190114,2019,1,01,14,2019-01-14,maanantai
14,20190115,2019,1,01,15,2019-01-15,tiistai
15,20190116,2019,1,01,16,2019-01-16,keskiviikko
16,20190117,2019,1,01,17,2019-01-17,torstai
17,20190118,2019,1,01,18,2019-01-18,perjaintai
18,20190119,2019,1,01,19,2019-01-19,lauantai
19,20190120,2019,1,01,20,2019-01-20,sunnuntai
20,20190121,2019,1,01,21,2019-01-21,maanantai
21,20190122,2019,1,01,22,2019-01-22,tiistai
22,20190123,2019,1,01,23,2019-01-23,keskiviikko
23,20190124,2019,1,01,24,2019-01-24,torstai
24,20190125,2019,1,01,25,2019-01-25,perjaintai
25,20190126,2019,1,01,26,2019-01-26,lauantai
26,20190127,2019,1,01,27,2019-01-27,sunnuntai
27,20190128,2019,1,01,28,2019-01-28,maanantai
28,20190129,2019,1,01,29,2019-01-29,tiistai
29,20190130,2019,1,01,30,2019-01-30,keskiviikko
30,20190131,2019,1,01,31,2019-01-31,torstai
31,20190201,2019,1,02,01,2019-02-01,perjaintai
32,20190202,2019,1,02,02,2019-02-02,lauantai
33,20190203,2019,1,02,03,2019-02-03,sunnuntai
34,20190204,2019,1,02,04,2019-02-04,maanantai
35,20190205,2019,1,02,05,2019-02-05,tiistai
36,20190206,2019,1,02,06,2019-02-06,keskiviikko
37,20190207,2019,1,02,07,2019-02-07,torstai
38,20190208,2019,1,02,08,2019-02-08,perjaintai
39,20190209,2019,1,02,09,2019-02-09,lauantai
40,20190210,2019,1,02,10,2019-02-10,sunnuntai
41,20190211,2019,1,02,11,2019-02-11,maanantai
42,20190212,2019,1,02,12,2019-02-12,tiistai
43,20190213,2019,1,02,13,2019-02-13,keskiviikko
44,20190214,2019,1,02,14,2019-02-14,torstai
45,20190215,2019,1,02,15,2019-02-15,perjaintai
46,20190216,2019,1,02,16,2019-02-16,lauantai
47,20190217,2019,1,02,17,2019-02-17,sunnuntai
48,20190218,2019,1,02,18,2019-02-18,maanantai
49,20190219,2019,1,02,19,2019-02-19,tiistai
50,20190220,2019,1,02,20,2019-02-20,keskiviikko
51,20190221,2019,1,02,21,2019-02-21,torstai
52,20190222,2019,1,02,22,2019-02-22,perjaintai
53,20190223,2019,1,02,23,2019-02-23,lauantai
54,20190224,2019,1,02,24,2019-02-24,sunnuntai
55,20190225,2019,1,02,25,2019-02-25,maanantai
56,20190226,2019,1,02,26,2019-02-26,tiistai
57,20190227,2019,1,02,27,2019-02-27,keskiviikko
58,20190228,2019,1,02,28,2019-02-28,torstai
59,20190301,2019,1,03,01,2019-03-01,perjaintai
60,20190302,2019,1,03,02,2019-03-02,lauantai
61,20190303,2019,1,03,03,2019-03-03,sunnuntai
62,20190304,2019,1,03,04,2019-03-04,maanantai
63,20190305,2019,1,03,05,2019-03-05,tiistai
64,20190306,2019,1,03,06,2019-03-06,keskiviikko
65,20190307,2019,1,03,07,2019-03-07,torstai
66,20190308,2019,1,03,08,2019-03-08,perjaintai
67,20190309,2019,1,03,09,2019-03-09,lauantai
68,20190310,2019,1,03,10,2019-03-10,sunnuntai
69,20190311,2019,1,03,11,2019-03-11,maanantai
70,20190312,2019,1,03,12,2019-03-12,tiistai
71,20190313,2019,1,03,13,2019-03-13,keskiviikko
72,20190314,2019,1,03,14,2019-03-14,torstai
73,20190315,2019,1,03,15,2019-03-15,perjaintai
74,20190316,2019,1,03,16,2019-03-16,lauantai
75,20190317,2019,1,03,17,2019-03-17,sunnuntai
76,20190318,2019,1,03,18,2019-03-18,maanantai
77,20190319,2019,1,03,19,2019-03-19,tiistai
78,20190320,2019,1,03,20,2019-03-20,keskiviikko
79,20190321,2019,1,03,21,2019-03-21,torstai
80,20190322,2019,1,03,22,2019-03-22,perjaintai
81,20190323,2019,1,03,23,2019-03-23,lauantai
82,20190324,2019,1,03,24,2019-03-24,sunnuntai
83,20190325,2019,1,03,25,2019-03-25,maanantai
84,20190326,2019,1,03,26,2019-03-26,tiistai
85,20190327,2019,1,03,27,2019-03-27,keskiviikko
86,20190328,2019,1,03,28,2019-03-28,torstai
87,20190329,2019,1,03,29,2019-03-29,perjaintai
88,20190330,2019,1,03,30,2019-03-30,lauantai
89,20190331,2019,1,03,31,2019-03-31,sunnuntai
90,20190401,2019,2,04,01,2019-04-01,maanantai
91,20190402,2019,2,04,02,2019-04-02,tiistai
92,20190403,2019,2,04,03,2019-04-03,keskiviikko
93,20190404,2019,2,04,04,2019-04-04,torstai
94,20190405,2019,2,04,05,2019-04-05,perjaintai
95,20190406,2019,2,04,06,2019-04-06,lauantai
96,20190407,2019,2,04,07,2019-04-07,sunnuntai
97,20190408,2019,2,04,08,2019-04-08,maanantai
98,20190409,2019,2,04,09,2019-04-09,tiistai
99,20190410,2019,2,04,10,2019-04-10,keskiviikko
100,20190411,2019,2,04,11,2019-04-11,torstai
101,20190412,2019,2,04,12,2019-04-12,perjaintai
102,20190413,2019,2,04,13,2019-04-13,lauantai
103,20190414,2019,2,04,14,2019-04-14,sunnuntai
104,20190415,2019,2,04,15,2019-04-15,maanantai
105,20190416,2019,2,04,16,2019-04-16,tiistai
106,20190417,2019,2,04,17,2019-04-17,keskiviikko
107,20190418,2019,2,04,18,2019-04-18,torstai
108,20190419,2019,2,04,19,2019-04-19,perjaintai
109,20190420,2019,2,04,20,2019-04-20,lauantai
110,20190421,2019,2,04,21,2019-04-21,sunnuntai
111,20190422,2019,2,04,22,2019-04-22,maanantai
112,20190423,2019,2,04,23,2019-04-23,tiistai
113,20190424,2019,2,04,24,2019-04-24,keskiviikko
114,20190425,2019,2,04,25,2019-04-25,torstai
115,20190426,2019,2,04,26,2019-04-26,perjaintai
116,20190427,2019,2,04,27,2019-04-27,lauantai
117,20190428,2019,2,04,28,2019-04-28,sunnuntai
118,20190429,2019,2,04,29,2019-04-29,maanantai
119,20190430,2019,2,04,30,2019-04-30,tiistai
120,20190501,2019,2,05,01,2019-05-01,keskiviikko
121,20190502,2019,2,05,02,2019-05-02,torstai
122,20190503,2019,2,05,03,2019-05-03,perjaintai
123,20190504,2019,2,05,04,2019-05-04,lauantai
124,20190505,2019,2,05,05,2019-05-05,sunnuntai
125,20190506,2019,2,05,06,2019-05-06,maanantai
126,20190507,2019,2,05,07,2019-05-07,tiistai
127,20190508,2019,2,05,08,2019-05-08,keskiviikko
128,20190509,2019,2,05,09,2019-05-09,torstai
129,20190510,2019,2,05,10,2019-05-10,perjaintai
130,20190511,2019,2,05,11,2019-05-11,lauantai
131,20190512,2019,2,05,12,2019-05-12,sunnuntai
132,20190513,2019,2,05,13,2019-05-13,maanantai
133,20190514,2019,2,05,14,2019-05-14,tiistai
134,20190515,2019,2,05,15,2019-05-15,keskiviikko
135,20190516,2019,2,05,16,2019-05-16,torstai
136,20190517,2019,2,05,17,2019-05-17,perjaintai
137,20190518,2019,2,05,18,2019-05-18,lauantai
138,20190519,2019,2,05,19,2019-05-19,sunnuntai
139,20190520,2019,2,05,20,2019-05-20,maanantai
140,20190521,2019,2,05,21,2019-05-21,tiistai
141,20190522,2019,2,05,22,2019-05-22,keskiviikko
142,20190523,2019,2,05,23,2019-05-23,torstai
143,20190524,2019,2,05,24,2019-05-24,perjaintai
144,20190525,2019,2,05,25,2019-05-25,lauantai
145,20190526,2019,2,05,26,2019-05-26,sunnuntai
146,20190527,2019,2,05,27,2019-05-27,maanantai
147,20190528,2019,2,05,28,2019-05-28,tiistai
148,20190529,2019,2,05,29,2019-05-29,keskiviikko
149,20190530,2019,2,05,30,2019-05-30,torstai
150,20190531,2019,2,05,31,2019-05-31,perjaintai
151,20190601,2019,2,06,01,2019-06-01,lauantai
152,20190602,2019,2,06,02,2019-06-02,sunnuntai
153,20190603,2019,2,06,03,2019-06-03,maanantai
154,20190604,2019,2,06,04,2019-06-04,tiistai
155,20190605,2019,2,06,05,2019-06-05,keskiviikko
156,20190606,2019,2,06,06,2019-06-06,torstai
157,20190607,2019,2,06,07,2019-06-07,perjaintai
158,20190608,2019,2,06,08,2019-06-08,lauantai
159,20190609,2019,2,06,09,2019-06-09,sunnuntai
160,20190610,2019,2,06,10,2019-06-10,maanantai
161,20190611,2019,2,06,11,2019-06-11,tiistai
162,20190612,2019,2,06,12,2019-06-12,keskiviikko
163,20190613,2019,2,06,13,2019-06-13,torstai
164,20190614,2019,2,06,14,2019-06-14,perjaintai
165,20190615,2019,2,06,15,2019-06-15,lauantai
166,20190616,2019,2,06,16,2019-06-16,sunnuntai
167,20190617,2019,2,06,17,2019-06-17,maanantai
168,20190618,2019,2,06,18,2019-06-18,tiistai
169,20190619,2019,2,06,19,2019-06-19,keskiviikko
170,20190620,2019,2,06,20,2019-06-20,torstai
171,20190621,2019,2,06,21,2019-06-21,perjaintai
172,20190622,2019,2,06,22,2019-06-22,lauantai
173,20190623,2019,2,06,23,2019-06-23,sunnuntai
174,20190624,2019,2,06,24,2019-06-24,maanantai
175,20190625,2019,2,06,25,2019-06-25,tiistai
176,20190626,2019,2,06,26,2019-06-26,keskiviikko
177,20190627,2019,2,06,27,2019-06-27,torstai
178,20190628,2019,2,06,28,2019-06-28,perjaintai
179,20190629,2019,2,06,29,2019-06-29,lauantai
180,20190630,2019,2,06,30,2019-06-30,sunnuntai
181,20190701,2019,3,07,01,2019-07-01,maanantai
182,20190702,2019,3,07,02,2019-07-02,tiistai
183,20190703,2019,3,07,03,2019-07-03,keskiviikko
184,20190704,2019,3,07,04,2019-07-04,torstai
185,20190705,2019,3,07,05,2019-07-05,perjaintai
186,20190706,2019,3,07,06,2019-07-06,lauantai
187,20190707,2019,3,07,07,2019-07-07,sunnuntai
188,20190708,2019,3,07,08,2019-07-08,maanantai
189,20190709,2019,3,07,09,2019-07-09,tiistai
190,20190710,2019,3,07,10,2019-07-10,keskiviikko
191,20190711,2019,3,07,11,2019-07-11,torstai
192,20190712,2019,3,07,12,2019-07-12,perjaintai
193,20190713,2019,3,07,13,2019-07-13,lauantai
194,20190714,2019,3,07,14,2019-07-14,sunnuntai
195,20190715,2019,3,07,15,2019-07-15,maanantai
196,20190716,2019,3,07,16,2019-07-16,tiistai
197,20190717,2019,3,07,17,2019-07-17,keskiviikko
198,20190718,2019,3,07,18,2019-07-18,torstai
199,20190719,2019,3,07,19,2019-07-19,perjaintai
200,20190720,2019,3,07,20,2019-07-20,lauantai
201,20190721,2019,3,07,21,2019-07-21,sunnuntai
202,20190722,2019,3,07,22,2019-07-22,maanantai
203,20190723,2019,3,07,23,2019-07-23,tiistai
204,20190724,2019,3,07,24,2019-07-24,keskiviikko
205,20190725,2019,3,07,25,2019-07-25,torstai
206,20190726,2019,3,07,26,2019-07-26,perjaintai
207,20190727,2019,3,07,27,2019-07-27,lauantai
208,20190728,2019,3,07,28,2019-07-28,sunnuntai
209,20190729,2019,3,07,29,2019-07-29,maanantai
210,20190730,2019,3,07,30,2019-07-30,tiistai
211,20190731,2019,3,07,31,2019-07-31,keskiviikko
212,20190801,2019,3,08,01,2019-08-01,torstai
213,20190802,2019,3,08,02,2019-08-02,perjaintai
214,20190803,2019,3,08,03,2019-08-03,lauantai
215,20190804,2019,3,08,04,2019-08-04,sunnuntai
216,20190805,2019,3,08,05,2019-08-05,maanantai
217,20190806,2019,3,08,06,2019-08-06,tiistai
218,20190807,2019,3,08,07,2019-08-07,keskiviikko
219,20190808,2019,3,08,08,2019-08-08,torstai
220,20190809,2019,3,08,09,2019-08-09,perjaintai
221,20190810,2019,3,08,10,2019-08-10,lauantai
222,20190811,2019,3,08,11,2019-08-11,sunnuntai
223,20190812,2019,3,08,12,2019-08-12,maanantai
224,20190813,2019,3,08,13,2019-08-13,tiistai
225,20190814,2019,3,08,14,2019-08-14,keskiviikko
226,20190815,2019,3,08,15,2019-08-15,torstai
227,20190816,2019,3,08,16,2019-08-16,perjaintai
228,20190817,2019,3,08,17,2019-08-17,lauantai
229,20190818,2019,3,08,18,2019-08-18,sunnuntai
230,20190819,2019,3,08,19,2019-08-19,maanantai
231,20190820,2019,3,08,20,2019-08-20,tiistai
232,20190821,2019,3,08,21,2019-08-21,keskiviikko
233,20190822,2019,3,08,22,2019-08-22,torstai
234,20190823,2019,3,08,23,2019-08-23,perjaintai
235,20190824,2019,3,08,24,2019-08-24,lauantai
236,20190825,2019,3,08,25,2019-08-25,sunnuntai
237,20190826,2019,3,08,26,2019-08-26,maanantai
238,20190827,2019,3,08,27,2019-08-27,tiistai
239,20190828,2019,3,08,28,2019-08-28,keskiviikko
240,20190829,2019,3,08,29,2019-08-29,torstai
241,20190830,2019,3,08,30,2019-08-30,perjaintai
242,20190831,2019,3,08,31,2019-08-31,lauantai
243,20190901,2019,3,09,01,2019-09-01,sunnuntai
244,20190902,2019,3,09,02,2019-09-02,maanantai
245,20190903,2019,3,09,03,2019-09-03,tiistai
246,20190904,2019,3,09,04,2019-09-04,keskiviikko
247,20190905,2019,3,09,05,2019-09-05,torstai
248,20190906,2019,3,09,06,2019-09-06,perjaintai
249,20190907,2019,3,09,07,2019-09-07,lauantai
250,20190908,2019,3,09,08,2019-09-08,sunnuntai
251,20190909,2019,3,09,09,2019-09-09,maanantai
252,20190910,2019,3,09,10,2019-09-10,tiistai
253,20190911,2019,3,09,11,2019-09-11,keskiviikko
254,20190912,2019,3,09,12,2019-09-12,torstai
255,20190913,2019,3,09,13,2019-09-13,perjaintai
256,20190914,2019,3,09,14,2019-09-14,lauantai
257,20190915,2019,3,09,15,2019-09-15,sunnuntai
258,20190916,2019,3,09,16,2019-09-16,maanantai
259,20190917,2019,3,09,17,2019-09-17,tiistai
260,20190918,2019,3,09,18,2019-09-18,keskiviikko
261,20190919,2019,3,09,19,2019-09-19,torstai
262,20190920,2019,3,09,20,2019-09-20,perjaintai
263,20190921,2019,3,09,21,2019-09-21,lauantai
264,20190922,2019,3,09,22,2019-09-22,sunnuntai
265,20190923,2019,3,09,23,2019-09-23,maanantai
266,20190924,2019,3,09,24,2019-09-24,tiistai
267,20190925,2019,3,09,25,2019-09-25,keskiviikko
268,20190926,2019,3,09,26,2019-09-26,torstai
269,20190927,2019,3,09,27,2019-09-27,perjaintai
270,20190928,2019,3,09,28,2019-09-28,lauantai
271,20190929,2019,3,09,29,2019-09-29,sunnuntai
272,20190930,2019,3,09,30,2019-09-30,maanantai
273,20191001,2019,4,10,01,2019-10-01,tiistai
274,20191002,2019,4,10,02,2019-10-02,keskiviikko
275,20191003,2019,4,10,03,2019-10-03,torstai
276,20191004,2019,4,10,04,2019-10-04,perjaintai
277,20191005,2019,4,10,05,2019-10-05,lauantai
278,20191006,2019,4,10,06,2019-10-06,sunnuntai
279,20191007,2019,4,10,07,2019-10-07,maanantai
280,20191008,2019,4,10,08,2019-10-08,tiistai
281,20191009,2019,4,10,09,2019-10-09,keskiviikko
282,20191010,2019,4,10,10,2019-10-10,torstai
283,20191011,2019,4,10,11,2019-10-11,perjaintai
284,20191012,2019,4,10,12,2019-10-12,lauantai
285,20191013,2019,4,10,13,2019-10-13,sunnuntai
286,20191014,2019,4,10,14,2019-10-14,maanantai
287,20191015,2019,4,10,15,2019-10-15,tiistai
288,20191016,2019,4,10,16,2019-10-16,keskiviikko
289,20191017,2019,4,10,17,2019-10-17,torstai
290,20191018,2019,4,10,18,2019-10-18,perjaintai
291,20191019,2019,4,10,19,2019-10-19,lauantai
292,20191020,2019,4,10,20,2019-10-20,sunnuntai
293,20191021,2019,4,10,21,2019-10-21,maanantai
294,20191022,2019,4,10,22,2019-10-22,tiistai
295,20191023,2019,4,10,23,2019-10-23,keskiviikko
296,20191024,2019,4,10,24,2019-10-24,torstai
297,20191025,2019,4,10,25,2019-10-25,perjaintai
298,20191026,2019,4,10,26,2019-10-26,lauantai
299,20191027,2019,4,10,27,2019-10-27,sunnuntai
300,20191028,2019,4,10,28,2019-10-28,maanantai
301,20191029,2019,4,10,29,2019-10-29,tiistai
302,20191030,2019,4,10,30,2019-10-30,keskiviikko
303,20191031,2019,4,10,31,2019-10-31,torstai
304,20191101,2019,4,11,01,2019-11-01,perjaintai
305,20191102,2019,4,11,02,2019-11-02,lauantai
306,20191103,2019,4,11,03,2019-11-03,sunnuntai
307,20191104,2019,4,11,04,2019-11-04,maanantai
308,20191105,2019,4,11,05,2019-11-05,tiistai
309,20191106,2019,4,11,06,2019-11-06,keskiviikko
310,20191107,2019,4,11,07,2019-11-07,torstai
311,20191108,2019,4,11,08,2019-11-08,perjaintai
312,20191109,2019,4,11,09,2019-11-09,lauantai
313,20191110,2019,4,11,10,2019-11-10,sunnuntai
314,20191111,2019,4,11,11,2019-11-11,maanantai
315,20191112,2019,4,11,12,2019-11-12,tiistai
316,20191113,2019,4,11,13,2019-11-13,keskiviikko
317,20191114,2019,4,11,14,2019-11-14,torstai
318,20191115,2019,4,11,15,2019-11-15,perjaintai
319,20191116,2019,4,11,16,2019-11-16,lauantai
320,20191117,2019,4,11,17,2019-11-17,sunnuntai
321,20191118,2019,4,11,18,2019-11-18,maanantai
322,20191119,2019,4,11,19,2019-11-19,tiistai
323,20191120,2019,4,11,20,2019-11-20,keskiviikko
324,20191121,2019,4,11,21,2019-11-21,torstai
325,20191122,2019,4,11,22,2019-11-22,perjaintai
326,20191123,2019,4,11,23,2019-11-23,lauantai
327,20191124,2019,4,11,24,2019-11-24,sunnuntai
328,20191125,2019,4,11,25,2019-11-25,maanantai
329,20191126,2019,4,11,26,2019-11-26,tiistai
330,20191127,2019,4,11,27,2019-11-27,keskiviikko
331,20191128,2019,4,11,28,2019-11-28,torstai
332,20191129,2019,4,11,29,2019-11-29,perjaintai
333,20191130,2019,4,11,30,2019-11-30,lauantai
334,20191201,2019,4,12,01,2019-12-01,sunnuntai
335,20191202,2019,4,12,02,2019-12-02,maanantai
336,20191203,2019,4,12,03,2019-12-03,tiistai
337,20191204,2019,4,12,04,2019-12-04,keskiviikko
338,20191205,2019,4,12,05,2019-12-05,torstai
339,20191206,2019,4,12,06,2019-12-06,perjaintai
340,20191207,2019,4,12,07,2019-12-07,lauantai
341,20191208,2019,4,12,08,2019-12-08,sunnuntai
342,20191209,2019,4,12,09,2019-12-09,maanantai
343,20191210,2019,4,12,10,2019-12-10,tiistai
344,20191211,2019,4,12,11,2019-12-11,keskiviikko
345,20191212,2019,4,12,12,2019-12-12,torstai
346,20191213,2019,4,12,13,2019-12-13,perjaintai
347,20191214,2019,4,12,14,2019-12-14,lauantai
348,20191215,2019,4,12,15,2019-12-15,sunnuntai
349,20191216,2019,4,12,16,2019-12-16,maanantai
350,20191217,2019,4,12,17,2019-12-17,tiistai
351,20191218,2019,4,12,18,2019-12-18,keskiviikko
352,20191219,2019,4,12,19,2019-12-19,torstai
353,20191220,2019,4,12,20,2019-12-20,perjaintai
354,20191221,2019,4,12,21,2019-12-21,lauantai
355,20191222,2019,4,12,22,2019-12-22,sunnuntai
356,20191223,2019,4,12,23,2019-12-23,maanantai
357,20191224,2019,4,12,24,2019-12-24,tiistai
358,20191225,2019,4,12,25,2019-12-25,keskiviikko
359,20191226,2019,4,12,26,2019-12-26,torstai
360,20191227,2019,4,12,27,2019-12-27,perjaintai
361,20191228,2019,4,12,28,2019-12-28,lauantai
362,20191229,2019,4,12,29,2019-12-29,sunnuntai
363,20191230,2019,4,12,30,2019-12-30,maanantai
364,20191231,2019,4,12,31,2019-12-31,tiistai
365,20200101,2020,1,01,01,2020-01-01,keskiviikko
366,20200102,2020,1,01,02,2020-01-02,torstai
367,20200103,2020,1,01,03,2020-01-03,perjaintai
368,20200104,2020,1,01,04,2020-01-04,lauantai
369,20200105,2020,1,01,05,2020-01-05,sunnuntai
370,20200106,2020,1,01,06,2020-01-06,maanantai
371,20200107,2020,1,01,07,2020-01-07,tiistai
372,20200108,2020,1,01,08,2020-01-08,keskiviikko
373,20200109,2020,1,01,09,2020-01-09,torstai
374,20200110,2020,1,01,10,2020-01-10,perjaintai
375,20200111,2020,1,01,11,2020-01-11,lauantai
376,20200112,2020,1,01,12,2020-01-12,sunnuntai
377,20200113,2020,1,01,13,2020-01-13,maanantai
378,20200114,2020,1,01,14,2020-01-14,tiistai
379,20200115,2020,1,01,15,2020-01-15,keskiviikko
380,20200116,2020,1,01,16,2020-01-16,torstai
381,20200117,2020,1,01,17,2020-01-17,perjaintai
382,20200118,2020,1,01,18,2020-01-18,lauantai
383,20200119,2020,1,01,19,2020-01-19,sunnuntai
384,20200120,2020,1,01,20,2020-01-20,maanantai
385,20200121,2020,1,01,21,2020-01-21,tiistai
386,20200122,2020,1,01,22,2020-01-22,keskiviikko
387,20200123,2020,1,01,23,2020-01-23,torstai
388,20200124,2020,1,01,24,2020-01-24,perjaintai
389,20200125,2020,1,01,25,2020-01-25,lauantai
390,20200126,2020,1,01,26,2020-01-26,sunnuntai
391,20200127,2020,1,01,27,2020-01-27,maanantai
392,20200128,2020,1,01,28,2020-01-28,tiistai
393,20200129,2020,1,01,29,2020-01-29,keskiviikko
394,20200130,2020,1,01,30,2020-01-30,torstai
395,20200131,2020,1,01,31,2020-01-31,perjaintai
396,20200201,2020,1,02,01,2020-02-01,lauantai
397,20200202,2020,1,02,02,2020-02-02,sunnuntai
398,20200203,2020,1,02,03,2020-02-03,maanantai
399,20200204,2020,1,02,04,2020-02-04,tiistai
400,20200205,2020,1,02,05,2020-02-05,keskiviikko
401,20200206,2020,1,02,06,2020-02-06,torstai
402,20200207,2020,1,02,07,2020-02-07,perjaintai
403,20200208,2020,1,02,08,2020-02-08,lauantai
404,20200209,2020,1,02,09,2020-02-09,sunnuntai
405,20200210,2020,1,02,10,2020-02-10,maanantai
406,20200211,2020,1,02,11,2020-02-11,tiistai
407,20200212,2020,1,02,12,2020-02-12,keskiviikko
408,20200213,2020,1,02,13,2020-02-13,torstai
409,20200214,2020,1,02,14,2020-02-14,perjaintai
410,20200215,2020,1,02,15,2020-02-15,lauantai
411,20200216,2020,1,02,16,2020-02-16,sunnuntai
412,20200217,2020,1,02,17,2020-02-17,maanantai
413,20200218,2020,1,02,18,2020-02-18,tiistai
414,20200219,2020,1,02,19,2020-02-19,keskiviikko
415,20200220,2020,1,02,20,2020-02-20,torstai
416,20200221,2020,1,02,21,2020-02-21,perjaintai
417,20200222,2020,1,02,22,2020-02-22,lauantai
418,20200223,2020,1,02,23,2020-02-23,sunnuntai
419,20200224,2020,1,02,24,2020-02-24,maanantai
420,20200225,2020,1,02,25,2020-02-25,tiistai
421,20200226,2020,1,02,26,2020-02-26,keskiviikko
422,20200227,2020,1,02,27,2020-02-27,torstai
423,20200228,2020,1,02,28,2020-02-28,perjaintai
424,20200229,2020,1,02,29,2020-02-29,lauantai
425,20200301,2020,1,03,01,2020-03-01,sunnuntai
426,20200302,2020,1,03,02,2020-03-02,maanantai
427,20200303,2020,1,03,03,2020-03-03,tiistai
428,20200304,2020,1,03,04,2020-03-04,keskiviikko
429,20200305,2020,1,03,05,2020-03-05,torstai
430,20200306,2020,1,03,06,2020-03-06,perjaintai
431,20200307,2020,1,03,07,2020-03-07,lauantai
432,20200308,2020,1,03,08,2020-03-08,sunnuntai
433,20200309,2020,1,03,09,2020-03-09,maanantai
434,20200310,2020,1,03,10,2020-03-10,tiistai
435,20200311,2020,1,03,11,2020-03-11,keskiviikko
436,20200312,2020,1,03,12,2020-03-12,torstai
437,20200313,2020,1,03,13,2020-03-13,perjaintai
438,20200314,2020,1,03,14,2020-03-14,lauantai
439,20200315,2020,1,03,15,2020-03-15,sunnuntai
440,20200316,2020,1,03,16,2020-03-16,maanantai
441,20200317,2020,1,03,17,2020-03-17,tiistai
442,20200318,2020,1,03,18,2020-03-18,keskiviikko
443,20200319,2020,1,03,19,2020-03-19,torstai
444,20200320,2020,1,03,20,2020-03-20,perjaintai
445,20200321,2020,1,03,21,2020-03-21,lauantai
446,20200322,2020,1,03,22,2020-03-22,sunnuntai
447,20200323,2020,1,03,23,2020-03-23,maanantai
448,20200324,2020,1,03,24,2020-03-24,tiistai
449,20200325,2020,1,03,25,2020-03-25,keskiviikko
450,20200326,2020,1,03,26,2020-03-26,torstai
451,20200327,2020,1,03,27,2020-03-27,perjaintai
452,20200328,2020,1,03,28,2020-03-28,lauantai
453,20200329,2020,1,03,29,2020-03-29,sunnuntai
454,20200330,2020,1,03,30,2020-03-30,maanantai
455,20200331,2020,1,03,31,2020-03-31,tiistai
456,20200401,2020,2,04,01,2020-04-01,keskiviikko
457,20200402,2020,2,04,02,2020-04-02,torstai
458,20200403,2020,2,04,03,2020-04-03,perjaintai
459,20200404,2020,2,04,04,2020-04-04,lauantai
460,20200405,2020,2,04,05,2020-04-05,sunnuntai
461,20200406,2020,2,04,06,2020-04-06,maanantai
462,20200407,2020,2,04,07,2020-04-07,tiistai
463,20200408,2020,2,04,08,2020-04-08,keskiviikko
464,20200409,2020,2,04,09,2020-04-09,torstai
465,20200410,2020,2,04,10,2020-04-10,perjaintai
466,20200411,2020,2,04,11,2020-04-11,lauantai
467,20200412,2020,2,04,12,2020-04-12,sunnuntai
468,20200413,2020,2,04,13,2020-04-13,maanantai
469,20200414,2020,2,04,14,2020-04-14,tiistai
470,20200415,2020,2,04,15,2020-04-15,keskiviikko
471,20200416,2020,2,04,16,2020-04-16,torstai
472,20200417,2020,2,04,17,2020-04-17,perjaintai
473,20200418,2020,2,04,18,2020-04-18,lauantai
474,20200419,2020,2,04,19,2020-04-19,sunnuntai
475,20200420,2020,2,04,20,2020-04-20,maanantai
476,20200421,2020,2,04,21,2020-04-21,tiistai
477,20200422,2020,2,04,22,2020-04-22,keskiviikko
478,20200423,2020,2,04,23,2020-04-23,torstai
479,20200424,2020,2,04,24,2020-04-24,perjaintai
480,20200425,2020,2,04,25,2020-04-25,lauantai
481,20200426,2020,2,04,26,2020-04-26,sunnuntai
482,20200427,2020,2,04,27,2020-04-27,maanantai
483,20200428,2020,2,04,28,2020-04-28,tiistai
484,20200429,2020,2,04,29,2020-04-29,keskiviikko
485,20200430,2020,2,04,30,2020-04-30,torstai
486,20200501,2020,2,05,01,2020-05-01,perjaintai
487,20200502,2020,2,05,02,2020-05-02,lauantai
488,20200503,2020,2,05,03,2020-05-03,sunnuntai
489,20200504,2020,2,05,04,2020-05-04,maanantai
490,20200505,2020,2,05,05,2020-05-05,tiistai
491,20200506,2020,2,05,06,2020-05-06,keskiviikko
492,20200507,2020,2,05,07,2020-05-07,torstai
493,20200508,2020,2,05,08,2020-05-08,perjaintai
494,20200509,2020,2,05,09,2020-05-09,lauantai
495,20200510,2020,2,05,10,2020-05-10,sunnuntai
496,20200511,2020,2,05,11,2020-05-11,maanantai
497,20200512,2020,2,05,12,2020-05-12,tiistai
498,20200513,2020,2,05,13,2020-05-13,keskiviikko
499,20200514,2020,2,05,14,2020-05-14,torstai
500,20200515,2020,2,05,15,2020-05-15,perjaintai
501,20200516,2020,2,05,16,2020-05-16,lauantai
502,20200517,2020,2,05,17,2020-05-17,sunnuntai
503,20200518,2020,2,05,18,2020-05-18,maanantai
504,20200519,2020,2,05,19,2020-05-19,tiistai
505,20200520,2020,2,05,20,2020-05-20,keskiviikko
506,20200521,2020,2,05,21,2020-05-21,torstai
507,20200522,2020,2,05,22,2020-05-22,perjaintai
508,20200523,2020,2,05,23,2020-05-23,lauantai
509,20200524,2020,2,05,24,2020-05-24,sunnuntai
510,20200525,2020,2,05,25,2020-05-25,maanantai
511,20200526,2020,2,05,26,2020-05-26,tiistai
512,20200527,2020,2,05,27,2020-05-27,keskiviikko
513,20200528,2020,2,05,28,2020-05-28,torstai
514,20200529,2020,2,05,29,2020-05-29,perjaintai
515,20200530,2020,2,05,30,2020-05-30,lauantai
516,20200531,2020,2,05,31,2020-05-31,sunnuntai
517,20200601,2020,2,06,01,2020-06-01,maanantai
518,20200602,2020,2,06,02,2020-06-02,tiistai
519,20200603,2020,2,06,03,2020-06-03,keskiviikko
520,20200604,2020,2,06,04,2020-06-04,torstai
521,20200605,2020,2,06,05,2020-06-05,perjaintai
522,20200606,2020,2,06,06,2020-06-06,lauantai
523,20200607,2020,2,06,07,2020-06-07,sunnuntai
524,20200608,2020,2,06,08,2020-06-08,maanantai
525,20200609,2020,2,06,09,2020-06-09,tiistai
526,20200610,2020,2,06,10,2020-06-10,keskiviikko
527,20200611,2020,2,06,11,2020-06-11,torstai
528,20200612,2020,2,06,12,2020-06-12,perjaintai
529,20200613,2020,2,06,13,2020-06-13,lauantai
530,20200614,2020,2,06,14,2020-06-14,sunnuntai
531,20200615,2020,2,06,15,2020-06-15,maanantai
532,20200616,2020,2,06,16,2020-06-16,tiistai
533,20200617,2020,2,06,17,2020-06-17,keskiviikko
534,20200618,2020,2,06,18,2020-06-18,torstai
535,20200619,2020,2,06,19,2020-06-19,perjaintai
536,20200620,2020,2,06,20,2020-06-20,lauantai
537,20200621,2020,2,06,21,2020-06-21,sunnuntai
538,20200622,2020,2,06,22,2020-06-22,maanantai
539,20200623,2020,2,06,23,2020-06-23,tiistai
540,20200624,2020,2,06,24,2020-06-24,keskiviikko
541,20200625,2020,2,06,25,2020-06-25,torstai
542,20200626,2020,2,06,26,2020-06-26,perjaintai
543,20200627,2020,2,06,27,2020-06-27,lauantai
544,20200628,2020,2,06,28,2020-06-28,sunnuntai
545,20200629,2020,2,06,29,2020-06-29,maanantai
546,20200630,2020,2,06,30,2020-06-30,tiistai
547,20200701,2020,3,07,01,2020-07-01,keskiviikko
548,20200702,2020,3,07,02,2020-07-02,torstai
549,20200703,2020,3,07,03,2020-07-03,perjaintai
550,20200704,2020,3,07,04,2020-07-04,lauantai
551,20200705,2020,3,07,05,2020-07-05,sunnuntai
552,20200706,2020,3,07,06,2020-07-06,maanantai
553,20200707,2020,3,07,07,2020-07-07,tiistai
554,20200708,2020,3,07,08,2020-07-08,keskiviikko
555,20200709,2020,3,07,09,2020-07-09,torstai
556,20200710,2020,3,07,10,2020-07-10,perjaintai
557,20200711,2020,3,07,11,2020-07-11,lauantai
558,20200712,2020,3,07,12,2020-07-12,sunnuntai
559,20200713,2020,3,07,13,2020-07-13,maanantai
560,20200714,2020,3,07,14,2020-07-14,tiistai
561,20200715,2020,3,07,15,2020-07-15,keskiviikko
562,20200716,2020,3,07,16,2020-07-16,torstai
563,20200717,2020,3,07,17,2020-07-17,perjaintai
564,20200718,2020,3,07,18,2020-07-18,lauantai
565,20200719,2020,3,07,19,2020-07-19,sunnuntai
566,20200720,2020,3,07,20,2020-07-20,maanantai
567,20200721,2020,3,07,21,2020-07-21,tiistai
568,20200722,2020,3,07,22,2020-07-22,keskiviikko
569,20200723,2020,3,07,23,2020-07-23,torstai
570,20200724,2020,3,07,24,2020-07-24,perjaintai
571,20200725,2020,3,07,25,2020-07-25,lauantai
572,20200726,2020,3,07,26,2020-07-26,sunnuntai
573,20200727,2020,3,07,27,2020-07-27,maanantai
574,20200728,2020,3,07,28,2020-07-28,tiistai
575,20200729,2020,3,07,29,2020-07-29,keskiviikko
576,20200730,2020,3,07,30,2020-07-30,torstai
577,20200731,2020,3,07,31,2020-07-31,perjaintai
578,20200801,2020,3,08,01,2020-08-01,lauantai
579,20200802,2020,3,08,02,2020-08-02,sunnuntai
580,20200803,2020,3,08,03,2020-08-03,maanantai
581,20200804,2020,3,08,04,2020-08-04,tiistai
582,20200805,2020,3,08,05,2020-08-05,keskiviikko
583,20200806,2020,3,08,06,2020-08-06,torstai
584,20200807,2020,3,08,07,2020-08-07,perjaintai
585,20200808,2020,3,08,08,2020-08-08,lauantai
586,20200809,2020,3,08,09,2020-08-09,sunnuntai
587,20200810,2020,3,08,10,2020-08-10,maanantai
588,20200811,2020,3,08,11,2020-08-11,tiistai
589,20200812,2020,3,08,12,2020-08-12,keskiviikko
590,20200813,2020,3,08,13,2020-08-13,torstai
591,20200814,2020,3,08,14,2020-08-14,perjaintai
592,20200815,2020,3,08,15,2020-08-15,lauantai
593,20200816,2020,3,08,16,2020-08-16,sunnuntai
594,20200817,2020,3,08,17,2020-08-17,maanantai
595,20200818,2020,3,08,18,2020-08-18,tiistai
596,20200819,2020,3,08,19,2020-08-19,keskiviikko
597,20200820,2020,3,08,20,2020-08-20,torstai
598,20200821,2020,3,08,21,2020-08-21,perjaintai
599,20200822,2020,3,08,22,2020-08-22,lauantai
600,20200823,2020,3,08,23,2020-08-23,sunnuntai
601,20200824,2020,3,08,24,2020-08-24,maanantai
602,20200825,2020,3,08,25,2020-08-25,tiistai
603,20200826,2020,3,08,26,2020-08-26,keskiviikko
604,20200827,2020,3,08,27,2020-08-27,torstai
605,20200828,2020,3,08,28,2020-08-28,perjaintai
606,20200829,2020,3,08,29,2020-08-29,lauantai
607,20200830,2020,3,08,30,2020-08-30,sunnuntai
608,20200831,2020,3,08,31,2020-08-31,maanantai
609,20200901,2020,3,09,01,2020-09-01,tiistai
610,20200902,2020,3,09,02,2020-09-02,keskiviikko
611,20200903,2020,3,09,03,2020-09-03,torstai
612,20200904,2020,3,09,04,2020-09-04,perjaintai
613,20200905,2020,3,09,05,2020-09-05,lauantai
614,20200906,2020,3,09,06,2020-09-06,sunnuntai
615,20200907,2020,3,09,07,2020-09-07,maanantai
616,20200908,2020,3,09,08,2020-09-08,tiistai
617,20200909,2020,3,09,09,2020-09-09,keskiviikko
618,20200910,2020,3,09,10,2020-09-10,torstai
619,20200911,2020,3,09,11,2020-09-11,perjaintai
620,20200912,2020,3,09,12,2020-09-12,lauantai
621,20200913,2020,3,09,13,2020-09-13,sunnuntai
622,20200914,2020,3,09,14,2020-09-14,maanantai
623,20200915,2020,3,09,15,2020-09-15,tiistai
624,20200916,2020,3,09,16,2020-09-16,keskiviikko
625,20200917,2020,3,09,17,2020-09-17,torstai
626,20200918,2020,3,09,18,2020-09-18,perjaintai
627,20200919,2020,3,09,19,2020-09-19,lauantai
628,20200920,2020,3,09,20,2020-09-20,sunnuntai
629,20200921,2020,3,09,21,2020-09-21,maanantai
630,20200922,2020,3,09,22,2020-09-22,tiistai
631,20200923,2020,3,09,23,2020-09-23,keskiviikko
632,20200924,2020,3,09,24,2020-09-24,torstai
633,20200925,2020,3,09,25,2020-09-25,perjaintai
634,20200926,2020,3,09,26,2020-09-26,lauantai
635,20200927,2020,3,09,27,2020-09-27,sunnuntai
636,20200928,2020,3,09,28,2020-09-28,maanantai
637,20200929,2020,3,09,29,2020-09-29,tiistai
638,20200930,2020,3,09,30,2020-09-30,keskiviikko
639,20201001,2020,4,10,01,2020-10-01,torstai
640,20201002,2020,4,10,02,2020-10-02,perjaintai
641,20201003,2020,4,10,03,2020-10-03,lauantai
642,20201004,2020,4,10,04,2020-10-04,sunnuntai
643,20201005,2020,4,10,05,2020-10-05,maanantai
644,20201006,2020,4,10,06,2020-10-06,tiistai
645,20201007,2020,4,10,07,2020-10-07,keskiviikko
646,20201008,2020,4,10,08,2020-10-08,torstai
647,20201009,2020,4,10,09,2020-10-09,perjaintai
648,20201010,2020,4,10,10,2020-10-10,lauantai
649,20201011,2020,4,10,11,2020-10-11,sunnuntai
650,20201012,2020,4,10,12,2020-10-12,maanantai
651,20201013,2020,4,10,13,2020-10-13,tiistai
652,20201014,2020,4,10,14,2020-10-14,keskiviikko
653,20201015,2020,4,10,15,2020-10-15,torstai
654,20201016,2020,4,10,16,2020-10-16,perjaintai
655,20201017,2020,4,10,17,2020-10-17,lauantai
656,20201018,2020,4,10,18,2020-10-18,sunnuntai
657,20201019,2020,4,10,19,2020-10-19,maanantai
658,20201020,2020,4,10,20,2020-10-20,tiistai
659,20201021,2020,4,10,21,2020-10-21,keskiviikko
660,20201022,2020,4,10,22,2020-10-22,torstai
661,20201023,2020,4,10,23,2020-10-23,perjaintai
662,20201024,2020,4,10,24,2020-10-24,lauantai
663,20201025,2020,4,10,25,2020-10-25,sunnuntai
664,20201026,2020,4,10,26,2020-10-26,maanantai
665,20201027,2020,4,10,27,2020-10-27,tiistai
666,20201028,2020,4,10,28,2020-10-28,keskiviikko
667,20201029,2020,4,10,29,2020-10-29,torstai
668,20201030,2020,4,10,30,2020-10-30,perjaintai
669,20201031,2020,4,10,31,2020-10-31,lauantai
670,20201101,2020,4,11,01,2020-11-01,sunnuntai
671,20201102,2020,4,11,02,2020-11-02,maanantai
672,20201103,2020,4,11,03,2020-11-03,tiistai
673,20201104,2020,4,11,04,2020-11-04,keskiviikko
674,20201105,2020,4,11,05,2020-11-05,torstai
675,20201106,2020,4,11,06,2020-11-06,perjaintai
676,20201107,2020,4,11,07,2020-11-07,lauantai
677,20201108,2020,4,11,08,2020-11-08,sunnuntai
678,20201109,2020,4,11,09,2020-11-09,maanantai
679,20201110,2020,4,11,10,2020-11-10,tiistai
680,20201111,2020,4,11,11,2020-11-11,keskiviikko
681,20201112,2020,4,11,12,2020-11-12,torstai
682,20201113,2020,4,11,13,2020-11-13,perjaintai
683,20201114,2020,4,11,14,2020-11-14,lauantai
684,20201115,2020,4,11,15,2020-11-15,sunnuntai
685,20201116,2020,4,11,16,2020-11-16,maanantai
686,20201117,2020,4,11,17,2020-11-17,tiistai
687,20201118,2020,4,11,18,2020-11-18,keskiviikko
688,20201119,2020,4,11,19,2020-11-19,torstai
689,20201120,2020,4,11,20,2020-11-20,perjaintai
690,20201121,2020,4,11,21,2020-11-21,lauantai
691,20201122,2020,4,11,22,2020-11-22,sunnuntai
692,20201123,2020,4,11,23,2020-11-23,maanantai
693,20201124,2020,4,11,24,2020-11-24,tiistai
694,20201125,2020,4,11,25,2020-11-25,keskiviikko
695,20201126,2020,4,11,26,2020-11-26,torstai
696,20201127,2020,4,11,27,2020-11-27,perjaintai
697,20201128,2020,4,11,28,2020-11-28,lauantai
698,20201129,2020,4,11,29,2020-11-29,sunnuntai
699,20201130,2020,4,11,30,2020-11-30,maanantai
700,20201201,2020,4,12,01,2020-12-01,tiistai
701,20201202,2020,4,12,02,2020-12-02,keskiviikko
702,20201203,2020,4,12,03,2020-12-03,torstai
703,20201204,2020,4,12,04,2020-12-04,perjaintai
704,20201205,2020,4,12,05,2020-12-05,lauantai
705,20201206,2020,4,12,06,2020-12-06,sunnuntai
706,20201207,2020,4,12,07,2020-12-07,maanantai
707,20201208,2020,4,12,08,2020-12-08,tiistai
708,20201209,2020,4,12,09,2020-12-09,keskiviikko
709,20201210,2020,4,12,10,2020-12-10,torstai
710,20201211,2020,4,12,11,2020-12-11,perjaintai
711,20201212,2020,4,12,12,2020-12-12,lauantai
712,20201213,2020,4,12,13,2020-12-13,sunnuntai
713,20201214,2020,4,12,14,2020-12-14,maanantai
714,20201215,2020,4,12,15,2020-12-15,tiistai
715,20201216,2020,4,12,16,2020-12-16,keskiviikko
716,20201217,2020,4,12,17,2020-12-17,torstai
717,20201218,2020,4,12,18,2020-12-18,perjaintai
718,20201219,2020,4,12,19,2020-12-19,lauantai
719,20201220,2020,4,12,20,2020-12-20,sunnuntai
720,20201221,2020,4,12,21,2020-12-21,maanantai
721,20201222,2020,4,12,22,2020-12-22,tiistai
722,20201223,2020,4,12,23,2020-12-23,keskiviikko
723,20201224,2020,4,12,24,2020-12-24,torstai
724,20201225,2020,4,12,25,2020-12-25,perjaintai
725,20201226,2020,4,12,26,2020-12-26,lauantai
726,20201227,2020,4,12,27,2020-12-27,sunnuntai
727,20201228,2020,4,12,28,2020-12-28,maanantai
728,20201229,2020,4,12,29,2020-12-29,tiistai
729,20201230,2020,4,12,30,2020-12-30,keskiviikko
730,20201231,2020,4,12,31,2020-12-31,torstai
731,20210101,2021,1,01,01,2021-01-01,perjaintai
732,20210102,2021,1,01,02,2021-01-02,lauantai
733,20210103,2021,1,01,03,2021-01-03,sunnuntai
734,20210104,2021,1,01,04,2021-01-04,maanantai
735,20210105,2021,1,01,05,2021-01-05,tiistai
736,20210106,2021,1,01,06,2021-01-06,keskiviikko
737,20210107,2021,1,01,07,2021-01-07,torstai
738,20210108,2021,1,01,08,2021-01-08,perjaintai
739,20210109,2021,1,01,09,2021-01-09,lauantai
740,20210110,2021,1,01,10,2021-01-10,sunnuntai
741,20210111,2021,1,01,11,2021-01-11,maanantai
742,20210112,2021,1,01,12,2021-01-12,tiistai
743,20210113,2021,1,01,13,2021-01-13,keskiviikko
744,20210114,2021,1,01,14,2021-01-14,torstai
745,20210115,2021,1,01,15,2021-01-15,perjaintai
746,20210116,2021,1,01,16,2021-01-16,lauantai
747,20210117,2021,1,01,17,2021-01-17,sunnuntai
748,20210118,2021,1,01,18,2021-01-18,maanantai
749,20210119,2021,1,01,19,2021-01-19,tiistai
750,20210120,2021,1,01,20,2021-01-20,keskiviikko
751,20210121,2021,1,01,21,2021-01-21,torstai
752,20210122,2021,1,01,22,2021-01-22,perjaintai
753,20210123,2021,1,01,23,2021-01-23,lauantai
754,20210124,2021,1,01,24,2021-01-24,sunnuntai
755,20210125,2021,1,01,25,2021-01-25,maanantai
756,20210126,2021,1,01,26,2021-01-26,tiistai
757,20210127,2021,1,01,27,2021-01-27,keskiviikko
758,20210128,2021,1,01,28,2021-01-28,torstai
759,20210129,2021,1,01,29,2021-01-29,perjaintai
760,20210130,2021,1,01,30,2021-01-30,lauantai
761,20210131,2021,1,01,31,2021-01-31,sunnuntai
762,20210201,2021,1,02,01,2021-02-01,maanantai
763,20210202,2021,1,02,02,2021-02-02,tiistai
764,20210203,2021,1,02,03,2021-02-03,keskiviikko
765,20210204,2021,1,02,04,2021-02-04,torstai
766,20210205,2021,1,02,05,2021-02-05,perjaintai
767,20210206,2021,1,02,06,2021-02-06,lauantai
768,20210207,2021,1,02,07,2021-02-07,sunnuntai
769,20210208,2021,1,02,08,2021-02-08,maanantai
770,20210209,2021,1,02,09,2021-02-09,tiistai
771,20210210,2021,1,02,10,2021-02-10,keskiviikko
772,20210211,2021,1,02,11,2021-02-11,torstai
773,20210212,2021,1,02,12,2021-02-12,perjaintai
774,20210213,2021,1,02,13,2021-02-13,lauantai
775,20210214,2021,1,02,14,2021-02-14,sunnuntai
776,20210215,2021,1,02,15,2021-02-15,maanantai
777,20210216,2021,1,02,16,2021-02-16,tiistai
778,20210217,2021,1,02,17,2021-02-17,keskiviikko
779,20210218,2021,1,02,18,2021-02-18,torstai
780,20210219,2021,1,02,19,2021-02-19,perjaintai
781,20210220,2021,1,02,20,2021-02-20,lauantai
782,20210221,2021,1,02,21,2021-02-21,sunnuntai
783,20210222,2021,1,02,22,2021-02-22,maanantai
784,20210223,2021,1,02,23,2021-02-23,tiistai
785,20210224,2021,1,02,24,2021-02-24,keskiviikko
786,20210225,2021,1,02,25,2021-02-25,torstai
787,20210226,2021,1,02,26,2021-02-26,perjaintai
788,20210227,2021,1,02,27,2021-02-27,lauantai
789,20210228,2021,1,02,28,2021-02-28,sunnuntai
790,20210301,2021,1,03,01,2021-03-01,maanantai
791,20210302,2021,1,03,02,2021-03-02,tiistai
792,20210303,2021,1,03,03,2021-03-03,keskiviikko
793,20210304,2021,1,03,04,2021-03-04,torstai
794,20210305,2021,1,03,05,2021-03-05,perjaintai
795,20210306,2021,1,03,06,2021-03-06,lauantai
796,20210307,2021,1,03,07,2021-03-07,sunnuntai
797,20210308,2021,1,03,08,2021-03-08,maanantai
798,20210309,2021,1,03,09,2021-03-09,tiistai
799,20210310,2021,1,03,10,2021-03-10,keskiviikko
800,20210311,2021,1,03,11,2021-03-11,torstai
801,20210312,2021,1,03,12,2021-03-12,perjaintai
802,20210313,2021,1,03,13,2021-03-13,lauantai
803,20210314,2021,1,03,14,2021-03-14,sunnuntai
804,20210315,2021,1,03,15,2021-03-15,maanantai
805,20210316,2021,1,03,16,2021-03-16,tiistai
806,20210317,2021,1,03,17,2021-03-17,keskiviikko
807,20210318,2021,1,03,18,2021-03-18,torstai
808,20210319,2021,1,03,19,2021-03-19,perjaintai
809,20210320,2021,1,03,20,2021-03-20,lauantai
810,20210321,2021,1,03,21,2021-03-21,sunnuntai
811,20210322,2021,1,03,22,2021-03-22,maanantai
812,20210323,2021,1,03,23,2021-03-23,tiistai
813,20210324,2021,1,03,24,2021-03-24,keskiviikko
814,20210325,2021,1,03,25,2021-03-25,torstai
815,20210326,2021,1,03,26,2021-03-26,perjaintai
816,20210327,2021,1,03,27,2021-03-27,lauantai
817,20210328,2021,1,03,28,2021-03-28,sunnuntai
818,20210329,2021,1,03,29,2021-03-29,maanantai
819,20210330,2021,1,03,30,2021-03-30,tiistai
820,20210331,2021,1,03,31,2021-03-31,keskiviikko
821,20210401,2021,2,04,01,2021-04-01,torstai
822,20210402,2021,2,04,02,2021-04-02,perjaintai
823,20210403,2021,2,04,03,2021-04-03,lauantai
824,20210404,2021,2,04,04,2021-04-04,sunnuntai
825,20210405,2021,2,04,05,2021-04-05,maanantai
826,20210406,2021,2,04,06,2021-04-06,tiistai
827,20210407,2021,2,04,07,2021-04-07,keskiviikko
828,20210408,2021,2,04,08,2021-04-08,torstai
829,20210409,2021,2,04,09,2021-04-09,perjaintai
830,20210410,2021,2,04,10,2021-04-10,lauantai
831,20210411,2021,2,04,11,2021-04-11,sunnuntai
832,20210412,2021,2,04,12,2021-04-12,maanantai
833,20210413,2021,2,04,13,2021-04-13,tiistai
834,20210414,2021,2,04,14,2021-04-14,keskiviikko
835,20210415,2021,2,04,15,2021-04-15,torstai
836,20210416,2021,2,04,16,2021-04-16,perjaintai
837,20210417,2021,2,04,17,2021-04-17,lauantai
838,20210418,2021,2,04,18,2021-04-18,sunnuntai
839,20210419,2021,2,04,19,2021-04-19,maanantai
840,20210420,2021,2,04,20,2021-04-20,tiistai
841,20210421,2021,2,04,21,2021-04-21,keskiviikko
842,20210422,2021,2,04,22,2021-04-22,torstai
843,20210423,2021,2,04,23,2021-04-23,perjaintai
844,20210424,2021,2,04,24,2021-04-24,lauantai
845,20210425,2021,2,04,25,2021-04-25,sunnuntai
846,20210426,2021,2,04,26,2021-04-26,maanantai
847,20210427,2021,2,04,27,2021-04-27,tiistai
848,20210428,2021,2,04,28,2021-04-28,keskiviikko
849,20210429,2021,2,04,29,2021-04-29,torstai
850,20210430,2021,2,04,30,2021-04-30,perjaintai
851,20210501,2021,2,05,01,2021-05-01,lauantai
852,20210502,2021,2,05,02,2021-05-02,sunnuntai
853,20210503,2021,2,05,03,2021-05-03,maanantai
854,20210504,2021,2,05,04,2021-05-04,tiistai
855,20210505,2021,2,05,05,2021-05-05,keskiviikko
856,20210506,2021,2,05,06,2021-05-06,torstai
857,20210507,2021,2,05,07,2021-05-07,perjaintai
858,20210508,2021,2,05,08,2021-05-08,lauantai
859,20210509,2021,2,05,09,2021-05-09,sunnuntai
860,20210510,2021,2,05,10,2021-05-10,maanantai
861,20210511,2021,2,05,11,2021-05-11,tiistai
862,20210512,2021,2,05,12,2021-05-12,keskiviikko
863,20210513,2021,2,05,13,2021-05-13,torstai
864,20210514,2021,2,05,14,2021-05-14,perjaintai
865,20210515,2021,2,05,15,2021-05-15,lauantai
866,20210516,2021,2,05,16,2021-05-16,sunnuntai
867,20210517,2021,2,05,17,2021-05-17,maanantai
868,20210518,2021,2,05,18,2021-05-18,tiistai
869,20210519,2021,2,05,19,2021-05-19,keskiviikko
870,20210520,2021,2,05,20,2021-05-20,torstai
871,20210521,2021,2,05,21,2021-05-21,perjaintai
872,20210522,2021,2,05,22,2021-05-22,lauantai
873,20210523,2021,2,05,23,2021-05-23,sunnuntai
874,20210524,2021,2,05,24,2021-05-24,maanantai
875,20210525,2021,2,05,25,2021-05-25,tiistai
876,20210526,2021,2,05,26,2021-05-26,keskiviikko
877,20210527,2021,2,05,27,2021-05-27,torstai
878,20210528,2021,2,05,28,2021-05-28,perjaintai
879,20210529,2021,2,05,29,2021-05-29,lauantai
880,20210530,2021,2,05,30,2021-05-30,sunnuntai
881,20210531,2021,2,05,31,2021-05-31,maanantai
882,20210601,2021,2,06,01,2021-06-01,tiistai
883,20210602,2021,2,06,02,2021-06-02,keskiviikko
884,20210603,2021,2,06,03,2021-06-03,torstai
885,20210604,2021,2,06,04,2021-06-04,perjaintai
886,20210605,2021,2,06,05,2021-06-05,lauantai
887,20210606,2021,2,06,06,2021-06-06,sunnuntai
888,20210607,2021,2,06,07,2021-06-07,maanantai
889,20210608,2021,2,06,08,2021-06-08,tiistai
890,20210609,2021,2,06,09,2021-06-09,keskiviikko
891,20210610,2021,2,06,10,2021-06-10,torstai
892,20210611,2021,2,06,11,2021-06-11,perjaintai
893,20210612,2021,2,06,12,2021-06-12,lauantai
894,20210613,2021,2,06,13,2021-06-13,sunnuntai
895,20210614,2021,2,06,14,2021-06-14,maanantai
896,20210615,2021,2,06,15,2021-06-15,tiistai
897,20210616,2021,2,06,16,2021-06-16,keskiviikko
898,20210617,2021,2,06,17,2021-06-17,torstai
899,20210618,2021,2,06,18,2021-06-18,perjaintai
900,20210619,2021,2,06,19,2021-06-19,lauantai
901,20210620,2021,2,06,20,2021-06-20,sunnuntai
902,20210621,2021,2,06,21,2021-06-21,maanantai
903,20210622,2021,2,06,22,2021-06-22,tiistai
904,20210623,2021,2,06,23,2021-06-23,keskiviikko
905,20210624,2021,2,06,24,2021-06-24,torstai
906,20210625,2021,2,06,25,2021-06-25,perjaintai
907,20210626,2021,2,06,26,2021-06-26,lauantai
908,20210627,2021,2,06,27,2021-06-27,sunnuntai
909,20210628,2021,2,06,28,2021-06-28,maanantai
910,20210629,2021,2,06,29,2021-06-29,tiistai
911,20210630,2021,2,06,30,2021-06-30,keskiviikko
912,20210701,2021,3,07,01,2021-07-01,torstai
913,20210702,2021,3,07,02,2021-07-02,perjaintai
914,20210703,2021,3,07,03,2021-07-03,lauantai
915,20210704,2021,3,07,04,2021-07-04,sunnuntai
916,20210705,2021,3,07,05,2021-07-05,maanantai
917,20210706,2021,3,07,06,2021-07-06,tiistai
918,20210707,2021,3,07,07,2021-07-07,keskiviikko
919,20210708,2021,3,07,08,2021-07-08,torstai
920,20210709,2021,3,07,09,2021-07-09,perjaintai
921,20210710,2021,3,07,10,2021-07-10,lauantai
922,20210711,2021,3,07,11,2021-07-11,sunnuntai
923,20210712,2021,3,07,12,2021-07-12,maanantai
924,20210713,2021,3,07,13,2021-07-13,tiistai
925,20210714,2021,3,07,14,2021-07-14,keskiviikko
926,20210715,2021,3,07,15,2021-07-15,torstai
927,20210716,2021,3,07,16,2021-07-16,perjaintai
928,20210717,2021,3,07,17,2021-07-17,lauantai
929,20210718,2021,3,07,18,2021-07-18,sunnuntai
930,20210719,2021,3,07,19,2021-07-19,maanantai
931,20210720,2021,3,07,20,2021-07-20,tiistai
932,20210721,2021,3,07,21,2021-07-21,keskiviikko
933,20210722,2021,3,07,22,2021-07-22,torstai
934,20210723,2021,3,07,23,2021-07-23,perjaintai
935,20210724,2021,3,07,24,2021-07-24,lauantai
936,20210725,2021,3,07,25,2021-07-25,sunnuntai
937,20210726,2021,3,07,26,2021-07-26,maanantai
938,20210727,2021,3,07,27,2021-07-27,tiistai
939,20210728,2021,3,07,28,2021-07-28,keskiviikko
940,20210729,2021,3,07,29,2021-07-29,torstai
941,20210730,2021,3,07,30,2021-07-30,perjaintai
942,20210731,2021,3,07,31,2021-07-31,lauantai
943,20210801,2021,3,08,01,2021-08-01,sunnuntai
944,20210802,2021,3,08,02,2021-08-02,maanantai
945,20210803,2021,3,08,03,2021-08-03,tiistai
946,20210804,2021,3,08,04,2021-08-04,keskiviikko
947,20210805,2021,3,08,05,2021-08-05,torstai
948,20210806,2021,3,08,06,2021-08-06,perjaintai
949,20210807,2021,3,08,07,2021-08-07,lauantai
950,20210808,2021,3,08,08,2021-08-08,sunnuntai
951,20210809,2021,3,08,09,2021-08-09,maanantai
952,20210810,2021,3,08,10,2021-08-10,tiistai
953,20210811,2021,3,08,11,2021-08-11,keskiviikko
954,20210812,2021,3,08,12,2021-08-12,torstai
955,20210813,2021,3,08,13,2021-08-13,perjaintai
956,20210814,2021,3,08,14,2021-08-14,lauantai
957,20210815,2021,3,08,15,2021-08-15,sunnuntai
958,20210816,2021,3,08,16,2021-08-16,maanantai
959,20210817,2021,3,08,17,2021-08-17,tiistai
960,20210818,2021,3,08,18,2021-08-18,keskiviikko
961,20210819,2021,3,08,19,2021-08-19,torstai
962,20210820,2021,3,08,20,2021-08-20,perjaintai
963,20210821,2021,3,08,21,2021-08-21,lauantai
964,20210822,2021,3,08,22,2021-08-22,sunnuntai
965,20210823,2021,3,08,23,2021-08-23,maanantai
966,20210824,2021,3,08,24,2021-08-24,tiistai
967,20210825,2021,3,08,25,2021-08-25,keskiviikko
968,20210826,2021,3,08,26,2021-08-26,torstai
969,20210827,2021,3,08,27,2021-08-27,perjaintai
970,20210828,2021,3,08,28,2021-08-28,lauantai
971,20210829,2021,3,08,29,2021-08-29,sunnuntai
972,20210830,2021,3,08,30,2021-08-30,maanantai
973,20210831,2021,3,08,31,2021-08-31,tiistai
974,20210901,2021,3,09,01,2021-09-01,keskiviikko
975,20210902,2021,3,09,02,2021-09-02,torstai
976,20210903,2021,3,09,03,2021-09-03,perjaintai
977,20210904,2021,3,09,04,2021-09-04,lauantai
978,20210905,2021,3,09,05,2021-09-05,sunnuntai
979,20210906,2021,3,09,06,2021-09-06,maanantai
980,20210907,2021,3,09,07,2021-09-07,tiistai
981,20210908,2021,3,09,08,2021-09-08,keskiviikko
982,20210909,2021,3,09,09,2021-09-09,torstai
983,20210910,2021,3,09,10,2021-09-10,perjaintai
984,20210911,2021,3,09,11,2021-09-11,lauantai
985,20210912,2021,3,09,12,2021-09-12,sunnuntai
986,20210913,2021,3,09,13,2021-09-13,maanantai
987,20210914,2021,3,09,14,2021-09-14,tiistai
988,20210915,2021,3,09,15,2021-09-15,keskiviikko
989,20210916,2021,3,09,16,2021-09-16,torstai
990,20210917,2021,3,09,17,2021-09-17,perjaintai
991,20210918,2021,3,09,18,2021-09-18,lauantai
992,20210919,2021,3,09,19,2021-09-19,sunnuntai
993,20210920,2021,3,09,20,2021-09-20,maanantai
994,20210921,2021,3,09,21,2021-09-21,tiistai
995,20210922,2021,3,09,22,2021-09-22,keskiviikko
996,20210923,2021,3,09,23,2021-09-23,torstai
997,20210924,2021,3,09,24,2021-09-24,perjaintai
998,20210925,2021,3,09,25,2021-09-25,lauantai
999,20210926,2021,3,09,26,2021-09-26,sunnuntai
1000,20210927,2021,3,09,27,2021-09-27,maanantai
1001,20210928,2021,3,09,28,2021-09-28,tiistai
1002,20210929,2021,3,09,29,2021-09-29,keskiviikko
1003,20210930,2021,3,09,30,2021-09-30,torstai
1004,20211001,2021,4,10,01,2021-10-01,perjaintai
1005,20211002,2021,4,10,02,2021-10-02,lauantai
1006,20211003,2021,4,10,03,2021-10-03,sunnuntai
1007,20211004,2021,4,10,04,2021-10-04,maanantai
1008,20211005,2021,4,10,05,2021-10-05,tiistai
1009,20211006,2021,4,10,06,2021-10-06,keskiviikko
1010,20211007,2021,4,10,07,2021-10-07,torstai
1011,20211008,2021,4,10,08,2021-10-08,perjaintai
1012,20211009,2021,4,10,09,2021-10-09,lauantai
1013,20211010,2021,4,10,10,2021-10-10,sunnuntai
1014,20211011,2021,4,10,11,2021-10-11,maanantai
1015,20211012,2021,4,10,12,2021-10-12,tiistai
1016,20211013,2021,4,10,13,2021-10-13,keskiviikko
1017,20211014,2021,4,10,14,2021-10-14,torstai
1018,20211015,2021,4,10,15,2021-10-15,perjaintai
1019,20211016,2021,4,10,16,2021-10-16,lauantai
1020,20211017,2021,4,10,17,2021-10-17,sunnuntai
1021,20211018,2021,4,10,18,2021-10-18,maanantai
1022,20211019,2021,4,10,19,2021-10-19,tiistai
1023,20211020,2021,4,10,20,2021-10-20,keskiviikko
1024,20211021,2021,4,10,21,2021-10-21,torstai
1025,20211022,2021,4,10,22,2021-10-22,perjaintai
1026,20211023,2021,4,10,23,2021-10-23,lauantai
1027,20211024,2021,4,10,24,2021-10-24,sunnuntai
1028,20211025,2021,4,10,25,2021-10-25,maanantai
1029,20211026,2021,4,10,26,2021-10-26,tiistai
1030,20211027,2021,4,10,27,2021-10-27,keskiviikko
1031,20211028,2021,4,10,28,2021-10-28,torstai
1032,20211029,2021,4,10,29,2021-10-29,perjaintai
1033,20211030,2021,4,10,30,2021-10-30,lauantai
1034,20211031,2021,4,10,31,2021-10-31,sunnuntai
1035,20211101,2021,4,11,01,2021-11-01,maanantai
1036,20211102,2021,4,11,02,2021-11-02,tiistai
1037,20211103,2021,4,11,03,2021-11-03,keskiviikko
1038,20211104,2021,4,11,04,2021-11-04,torstai
1039,20211105,2021,4,11,05,2021-11-05,perjaintai
1040,20211106,2021,4,11,06,2021-11-06,lauantai
1041,20211107,2021,4,11,07,2021-11-07,sunnuntai
1042,20211108,2021,4,11,08,2021-11-08,maanantai
1043,20211109,2021,4,11,09,2021-11-09,tiistai
1044,20211110,2021,4,11,10,2021-11-10,keskiviikko
1045,20211111,2021,4,11,11,2021-11-11,torstai
1046,20211112,2021,4,11,12,2021-11-12,perjaintai
1047,20211113,2021,4,11,13,2021-11-13,lauantai
1048,20211114,2021,4,11,14,2021-11-14,sunnuntai
1049,20211115,2021,4,11,15,2021-11-15,maanantai
1050,20211116,2021,4,11,16,2021-11-16,tiistai
1051,20211117,2021,4,11,17,2021-11-17,keskiviikko
1052,20211118,2021,4,11,18,2021-11-18,torstai
1053,20211119,2021,4,11,19,2021-11-19,perjaintai
1054,20211120,2021,4,11,20,2021-11-20,lauantai
1055,20211121,2021,4,11,21,2021-11-21,sunnuntai
1056,20211122,2021,4,11,22,2021-11-22,maanantai
1057,20211123,2021,4,11,23,2021-11-23,tiistai
1058,20211124,2021,4,11,24,2021-11-24,keskiviikko
1059,20211125,2021,4,11,25,2021-11-25,torstai
1060,20211126,2021,4,11,26,2021-11-26,perjaintai
1061,20211127,2021,4,11,27,2021-11-27,lauantai
1062,20211128,2021,4,11,28,2021-11-28,sunnuntai
1063,20211129,2021,4,11,29,2021-11-29,maanantai
1064,20211130,2021,4,11,30,2021-11-30,tiistai
1065,20211201,2021,4,12,01,2021-12-01,keskiviikko
1066,20211202,2021,4,12,02,2021-12-02,torstai
1067,20211203,2021,4,12,03,2021-12-03,perjaintai
1068,20211204,2021,4,12,04,2021-12-04,lauantai
1069,20211205,2021,4,12,05,2021-12-05,sunnuntai
1070,20211206,2021,4,12,06,2021-12-06,maanantai
1071,20211207,2021,4,12,07,2021-12-07,tiistai
1072,20211208,2021,4,12,08,2021-12-08,keskiviikko
1073,20211209,2021,4,12,09,2021-12-09,torstai
1074,20211210,2021,4,12,10,2021-12-10,perjaintai
1075,20211211,2021,4,12,11,2021-12-11,lauantai
1076,20211212,2021,4,12,12,2021-12-12,sunnuntai
1077,20211213,2021,4,12,13,2021-12-13,maanantai
1078,20211214,2021,4,12,14,2021-12-14,tiistai
1079,20211215,2021,4,12,15,2021-12-15,keskiviikko
1080,20211216,2021,4,12,16,2021-12-16,torstai
1081,20211217,2021,4,12,17,2021-12-17,perjaintai
1082,20211218,2021,4,12,18,2021-12-18,lauantai
1083,20211219,2021,4,12,19,2021-12-19,sunnuntai
1084,20211220,2021,4,12,20,2021-12-20,maanantai
1085,20211221,2021,4,12,21,2021-12-21,tiistai
1086,20211222,2021,4,12,22,2021-12-22,keskiviikko
1087,20211223,2021,4,12,23,2021-12-23,torstai
1088,20211224,2021,4,12,24,2021-12-24,perjaintai
1089,20211225,2021,4,12,25,2021-12-25,lauantai
1090,20211226,2021,4,12,26,2021-12-26,sunnuntai
1091,20211227,2021,4,12,27,2021-12-27,maanantai
1092,20211228,2021,4,12,28,2021-12-28,tiistai
1093,20211229,2021,4,12,29,2021-12-29,keskiviikko
1094,20211230,2021,4,12,30,2021-12-30,torstai
1095,20211231,2021,4,12,31,2021-12-31,perjaintai
1096,20220101,2022,1,01,01,2022-01-01,lauantai
1097,20220102,2022,1,01,02,2022-01-02,sunnuntai
1098,20220103,2022,1,01,03,2022-01-03,maanantai
1099,20220104,2022,1,01,04,2022-01-04,tiistai
1100,20220105,2022,1,01,05,2022-01-05,keskiviikko
1101,20220106,2022,1,01,06,2022-01-06,torstai
1102,20220107,2022,1,01,07,2022-01-07,perjaintai
1103,20220108,2022,1,01,08,2022-01-08,lauantai
1104,20220109,2022,1,01,09,2022-01-09,sunnuntai
1105,20220110,2022,1,01,10,2022-01-10,maanantai
1106,20220111,2022,1,01,11,2022-01-11,tiistai
1107,20220112,2022,1,01,12,2022-01-12,keskiviikko
1108,20220113,2022,1,01,13,2022-01-13,torstai
1109,20220114,2022,1,01,14,2022-01-14,perjaintai
1110,20220115,2022,1,01,15,2022-01-15,lauantai
1111,20220116,2022,1,01,16,2022-01-16,sunnuntai
1112,20220117,2022,1,01,17,2022-01-17,maanantai
1113,20220118,2022,1,01,18,2022-01-18,tiistai
1114,20220119,2022,1,01,19,2022-01-19,keskiviikko
1115,20220120,2022,1,01,20,2022-01-20,torstai
1116,20220121,2022,1,01,21,2022-01-21,perjaintai
1117,20220122,2022,1,01,22,2022-01-22,lauantai
1118,20220123,2022,1,01,23,2022-01-23,sunnuntai
1119,20220124,2022,1,01,24,2022-01-24,maanantai
1120,20220125,2022,1,01,25,2022-01-25,tiistai
1121,20220126,2022,1,01,26,2022-01-26,keskiviikko
1122,20220127,2022,1,01,27,2022-01-27,torstai
1123,20220128,2022,1,01,28,2022-01-28,perjaintai
1124,20220129,2022,1,01,29,2022-01-29,lauantai
1125,20220130,2022,1,01,30,2022-01-30,sunnuntai
1126,20220131,2022,1,01,31,2022-01-31,maanantai
1127,20220201,2022,1,02,01,2022-02-01,tiistai
1128,20220202,2022,1,02,02,2022-02-02,keskiviikko
1129,20220203,2022,1,02,03,2022-02-03,torstai
1130,20220204,2022,1,02,04,2022-02-04,perjaintai
1131,20220205,2022,1,02,05,2022-02-05,lauantai
1132,20220206,2022,1,02,06,2022-02-06,sunnuntai
1133,20220207,2022,1,02,07,2022-02-07,maanantai
1134,20220208,2022,1,02,08,2022-02-08,tiistai
1135,20220209,2022,1,02,09,2022-02-09,keskiviikko
1136,20220210,2022,1,02,10,2022-02-10,torstai
1137,20220211,2022,1,02,11,2022-02-11,perjaintai
1138,20220212,2022,1,02,12,2022-02-12,lauantai
1139,20220213,2022,1,02,13,2022-02-13,sunnuntai
1140,20220214,2022,1,02,14,2022-02-14,maanantai
1141,20220215,2022,1,02,15,2022-02-15,tiistai
1142,20220216,2022,1,02,16,2022-02-16,keskiviikko
1143,20220217,2022,1,02,17,2022-02-17,torstai
1144,20220218,2022,1,02,18,2022-02-18,perjaintai
1145,20220219,2022,1,02,19,2022-02-19,lauantai
1146,20220220,2022,1,02,20,2022-02-20,sunnuntai
1147,20220221,2022,1,02,21,2022-02-21,maanantai
1148,20220222,2022,1,02,22,2022-02-22,tiistai
1149,20220223,2022,1,02,23,2022-02-23,keskiviikko
1150,20220224,2022,1,02,24,2022-02-24,torstai
1151,20220225,2022,1,02,25,2022-02-25,perjaintai
1152,20220226,2022,1,02,26,2022-02-26,lauantai
1153,20220227,2022,1,02,27,2022-02-27,sunnuntai
1154,20220228,2022,1,02,28,2022-02-28,maanantai
1155,20220301,2022,1,03,01,2022-03-01,tiistai
1156,20220302,2022,1,03,02,2022-03-02,keskiviikko
1157,20220303,2022,1,03,03,2022-03-03,torstai
1158,20220304,2022,1,03,04,2022-03-04,perjaintai
1159,20220305,2022,1,03,05,2022-03-05,lauantai
1160,20220306,2022,1,03,06,2022-03-06,sunnuntai
1161,20220307,2022,1,03,07,2022-03-07,maanantai
1162,20220308,2022,1,03,08,2022-03-08,tiistai
1163,20220309,2022,1,03,09,2022-03-09,keskiviikko
1164,20220310,2022,1,03,10,2022-03-10,torstai
1165,20220311,2022,1,03,11,2022-03-11,perjaintai
1166,20220312,2022,1,03,12,2022-03-12,lauantai
1167,20220313,2022,1,03,13,2022-03-13,sunnuntai
1168,20220314,2022,1,03,14,2022-03-14,maanantai
1169,20220315,2022,1,03,15,2022-03-15,tiistai
1170,20220316,2022,1,03,16,2022-03-16,keskiviikko
1171,20220317,2022,1,03,17,2022-03-17,torstai
1172,20220318,2022,1,03,18,2022-03-18,perjaintai
1173,20220319,2022,1,03,19,2022-03-19,lauantai
1174,20220320,2022,1,03,20,2022-03-20,sunnuntai
1175,20220321,2022,1,03,21,2022-03-21,maanantai
1176,20220322,2022,1,03,22,2022-03-22,tiistai
1177,20220323,2022,1,03,23,2022-03-23,keskiviikko
1178,20220324,2022,1,03,24,2022-03-24,torstai
1179,20220325,2022,1,03,25,2022-03-25,perjaintai
1180,20220326,2022,1,03,26,2022-03-26,lauantai
1181,20220327,2022,1,03,27,2022-03-27,sunnuntai
1182,20220328,2022,1,03,28,2022-03-28,maanantai
1183,20220329,2022,1,03,29,2022-03-29,tiistai
1184,20220330,2022,1,03,30,2022-03-30,keskiviikko
1185,20220331,2022,1,03,31,2022-03-31,torstai
1186,20220401,2022,2,04,01,2022-04-01,perjaintai
1187,20220402,2022,2,04,02,2022-04-02,lauantai
1188,20220403,2022,2,04,03,2022-04-03,sunnuntai
1189,20220404,2022,2,04,04,2022-04-04,maanantai
1190,20220405,2022,2,04,05,2022-04-05,tiistai
1191,20220406,2022,2,04,06,2022-04-06,keskiviikko
1192,20220407,2022,2,04,07,2022-04-07,torstai
1193,20220408,2022,2,04,08,2022-04-08,perjaintai
1194,20220409,2022,2,04,09,2022-04-09,lauantai
1195,20220410,2022,2,04,10,2022-04-10,sunnuntai
1196,20220411,2022,2,04,11,2022-04-11,maanantai
1197,20220412,2022,2,04,12,2022-04-12,tiistai
1198,20220413,2022,2,04,13,2022-04-13,keskiviikko
1199,20220414,2022,2,04,14,2022-04-14,torstai
1200,20220415,2022,2,04,15,2022-04-15,perjaintai
1201,20220416,2022,2,04,16,2022-04-16,lauantai
1202,20220417,2022,2,04,17,2022-04-17,sunnuntai
1203,20220418,2022,2,04,18,2022-04-18,maanantai
1204,20220419,2022,2,04,19,2022-04-19,tiistai
1205,20220420,2022,2,04,20,2022-04-20,keskiviikko
1206,20220421,2022,2,04,21,2022-04-21,torstai
1207,20220422,2022,2,04,22,2022-04-22,perjaintai
1208,20220423,2022,2,04,23,2022-04-23,lauantai
1209,20220424,2022,2,04,24,2022-04-24,sunnuntai
1210,20220425,2022,2,04,25,2022-04-25,maanantai
1211,20220426,2022,2,04,26,2022-04-26,tiistai
1212,20220427,2022,2,04,27,2022-04-27,keskiviikko
1213,20220428,2022,2,04,28,2022-04-28,torstai
1214,20220429,2022,2,04,29,2022-04-29,perjaintai
1215,20220430,2022,2,04,30,2022-04-30,lauantai
1216,20220501,2022,2,05,01,2022-05-01,sunnuntai
1217,20220502,2022,2,05,02,2022-05-02,maanantai
1218,20220503,2022,2,05,03,2022-05-03,tiistai
1219,20220504,2022,2,05,04,2022-05-04,keskiviikko
1220,20220505,2022,2,05,05,2022-05-05,torstai
1221,20220506,2022,2,05,06,2022-05-06,perjaintai
1222,20220507,2022,2,05,07,2022-05-07,lauantai
1223,20220508,2022,2,05,08,2022-05-08,sunnuntai
1224,20220509,2022,2,05,09,2022-05-09,maanantai
1225,20220510,2022,2,05,10,2022-05-10,tiistai
1226,20220511,2022,2,05,11,2022-05-11,keskiviikko
1227,20220512,2022,2,05,12,2022-05-12,torstai
1228,20220513,2022,2,05,13,2022-05-13,perjaintai
1229,20220514,2022,2,05,14,2022-05-14,lauantai
1230,20220515,2022,2,05,15,2022-05-15,sunnuntai
1231,20220516,2022,2,05,16,2022-05-16,maanantai
1232,20220517,2022,2,05,17,2022-05-17,tiistai
1233,20220518,2022,2,05,18,2022-05-18,keskiviikko
1234,20220519,2022,2,05,19,2022-05-19,torstai
1235,20220520,2022,2,05,20,2022-05-20,perjaintai
1236,20220521,2022,2,05,21,2022-05-21,lauantai
1237,20220522,2022,2,05,22,2022-05-22,sunnuntai
1238,20220523,2022,2,05,23,2022-05-23,maanantai
1239,20220524,2022,2,05,24,2022-05-24,tiistai
1240,20220525,2022,2,05,25,2022-05-25,keskiviikko
1241,20220526,2022,2,05,26,2022-05-26,torstai
1242,20220527,2022,2,05,27,2022-05-27,perjaintai
1243,20220528,2022,2,05,28,2022-05-28,lauantai
1244,20220529,2022,2,05,29,2022-05-29,sunnuntai
1245,20220530,2022,2,05,30,2022-05-30,maanantai
1246,20220531,2022,2,05,31,2022-05-31,tiistai
1247,20220601,2022,2,06,01,2022-06-01,keskiviikko
1248,20220602,2022,2,06,02,2022-06-02,torstai
1249,20220603,2022,2,06,03,2022-06-03,perjaintai
1250,20220604,2022,2,06,04,2022-06-04,lauantai
1251,20220605,2022,2,06,05,2022-06-05,sunnuntai
1252,20220606,2022,2,06,06,2022-06-06,maanantai
1253,20220607,2022,2,06,07,2022-06-07,tiistai
1254,20220608,2022,2,06,08,2022-06-08,keskiviikko
1255,20220609,2022,2,06,09,2022-06-09,torstai
1256,20220610,2022,2,06,10,2022-06-10,perjaintai
1257,20220611,2022,2,06,11,2022-06-11,lauantai
1258,20220612,2022,2,06,12,2022-06-12,sunnuntai
1259,20220613,2022,2,06,13,2022-06-13,maanantai
1260,20220614,2022,2,06,14,2022-06-14,tiistai
1261,20220615,2022,2,06,15,2022-06-15,keskiviikko
1262,20220616,2022,2,06,16,2022-06-16,torstai
1263,20220617,2022,2,06,17,2022-06-17,perjaintai
1264,20220618,2022,2,06,18,2022-06-18,lauantai
1265,20220619,2022,2,06,19,2022-06-19,sunnuntai
1266,20220620,2022,2,06,20,2022-06-20,maanantai
1267,20220621,2022,2,06,21,2022-06-21,tiistai
1268,20220622,2022,2,06,22,2022-06-22,keskiviikko
1269,20220623,2022,2,06,23,2022-06-23,torstai
1270,20220624,2022,2,06,24,2022-06-24,perjaintai
1271,20220625,2022,2,06,25,2022-06-25,lauantai
1272,20220626,2022,2,06,26,2022-06-26,sunnuntai
1273,20220627,2022,2,06,27,2022-06-27,maanantai
1274,20220628,2022,2,06,28,2022-06-28,tiistai
1275,20220629,2022,2,06,29,2022-06-29,keskiviikko
1276,20220630,2022,2,06,30,2022-06-30,torstai
1277,20220701,2022,3,07,01,2022-07-01,perjaintai
1278,20220702,2022,3,07,02,2022-07-02,lauantai
1279,20220703,2022,3,07,03,2022-07-03,sunnuntai
1280,20220704,2022,3,07,04,2022-07-04,maanantai
1281,20220705,2022,3,07,05,2022-07-05,tiistai
1282,20220706,2022,3,07,06,2022-07-06,keskiviikko
1283,20220707,2022,3,07,07,2022-07-07,torstai
1284,20220708,2022,3,07,08,2022-07-08,perjaintai
1285,20220709,2022,3,07,09,2022-07-09,lauantai
1286,20220710,2022,3,07,10,2022-07-10,sunnuntai
1287,20220711,2022,3,07,11,2022-07-11,maanantai
1288,20220712,2022,3,07,12,2022-07-12,tiistai
1289,20220713,2022,3,07,13,2022-07-13,keskiviikko
1290,20220714,2022,3,07,14,2022-07-14,torstai
1291,20220715,2022,3,07,15,2022-07-15,perjaintai
1292,20220716,2022,3,07,16,2022-07-16,lauantai
1293,20220717,2022,3,07,17,2022-07-17,sunnuntai
1294,20220718,2022,3,07,18,2022-07-18,maanantai
1295,20220719,2022,3,07,19,2022-07-19,tiistai
1296,20220720,2022,3,07,20,2022-07-20,keskiviikko
1297,20220721,2022,3,07,21,2022-07-21,torstai
1298,20220722,2022,3,07,22,2022-07-22,perjaintai
1299,20220723,2022,3,07,23,2022-07-23,lauantai
1300,20220724,2022,3,07,24,2022-07-24,sunnuntai
1301,20220725,2022,3,07,25,2022-07-25,maanantai
1302,20220726,2022,3,07,26,2022-07-26,tiistai
1303,20220727,2022,3,07,27,2022-07-27,keskiviikko
1304,20220728,2022,3,07,28,2022-07-28,torstai
1305,20220729,2022,3,07,29,2022-07-29,perjaintai
1306,20220730,2022,3,07,30,2022-07-30,lauantai
1307,20220731,2022,3,07,31,2022-07-31,sunnuntai
1308,20220801,2022,3,08,01,2022-08-01,maanantai
1309,20220802,2022,3,08,02,2022-08-02,tiistai
1310,20220803,2022,3,08,03,2022-08-03,keskiviikko
1311,20220804,2022,3,08,04,2022-08-04,torstai
1312,20220805,2022,3,08,05,2022-08-05,perjaintai
1313,20220806,2022,3,08,06,2022-08-06,lauantai
1314,20220807,2022,3,08,07,2022-08-07,sunnuntai
1315,20220808,2022,3,08,08,2022-08-08,maanantai
1316,20220809,2022,3,08,09,2022-08-09,tiistai
1317,20220810,2022,3,08,10,2022-08-10,keskiviikko
1318,20220811,2022,3,08,11,2022-08-11,torstai
1319,20220812,2022,3,08,12,2022-08-12,perjaintai
1320,20220813,2022,3,08,13,2022-08-13,lauantai
1321,20220814,2022,3,08,14,2022-08-14,sunnuntai
1322,20220815,2022,3,08,15,2022-08-15,maanantai
1323,20220816,2022,3,08,16,2022-08-16,tiistai
1324,20220817,2022,3,08,17,2022-08-17,keskiviikko
1325,20220818,2022,3,08,18,2022-08-18,torstai
1326,20220819,2022,3,08,19,2022-08-19,perjaintai
1327,20220820,2022,3,08,20,2022-08-20,lauantai
1328,20220821,2022,3,08,21,2022-08-21,sunnuntai
1329,20220822,2022,3,08,22,2022-08-22,maanantai
1330,20220823,2022,3,08,23,2022-08-23,tiistai
1331,20220824,2022,3,08,24,2022-08-24,keskiviikko
1332,20220825,2022,3,08,25,2022-08-25,torstai
1333,20220826,2022,3,08,26,2022-08-26,perjaintai
1334,20220827,2022,3,08,27,2022-08-27,lauantai
1335,20220828,2022,3,08,28,2022-08-28,sunnuntai
1336,20220829,2022,3,08,29,2022-08-29,maanantai
1337,20220830,2022,3,08,30,2022-08-30,tiistai
1338,20220831,2022,3,08,31,2022-08-31,keskiviikko
1339,20220901,2022,3,09,01,2022-09-01,torstai
1340,20220902,2022,3,09,02,2022-09-02,perjaintai
1341,20220903,2022,3,09,03,2022-09-03,lauantai
1342,20220904,2022,3,09,04,2022-09-04,sunnuntai
1343,20220905,2022,3,09,05,2022-09-05,maanantai
1344,20220906,2022,3,09,06,2022-09-06,tiistai
1345,20220907,2022,3,09,07,2022-09-07,keskiviikko
1346,20220908,2022,3,09,08,2022-09-08,torstai
1347,20220909,2022,3,09,09,2022-09-09,perjaintai
1348,20220910,2022,3,09,10,2022-09-10,lauantai
1349,20220911,2022,3,09,11,2022-09-11,sunnuntai
1350,20220912,2022,3,09,12,2022-09-12,maanantai
1351,20220913,2022,3,09,13,2022-09-13,tiistai
1352,20220914,2022,3,09,14,2022-09-14,keskiviikko
1353,20220915,2022,3,09,15,2022-09-15,torstai
1354,20220916,2022,3,09,16,2022-09-16,perjaintai
1355,20220917,2022,3,09,17,2022-09-17,lauantai
1356,20220918,2022,3,09,18,2022-09-18,sunnuntai
1357,20220919,2022,3,09,19,2022-09-19,maanantai
1358,20220920,2022,3,09,20,2022-09-20,tiistai
1359,20220921,2022,3,09,21,2022-09-21,keskiviikko
1360,20220922,2022,3,09,22,2022-09-22,torstai
1361,20220923,2022,3,09,23,2022-09-23,perjaintai
1362,20220924,2022,3,09,24,2022-09-24,lauantai
1363,20220925,2022,3,09,25,2022-09-25,sunnuntai
1364,20220926,2022,3,09,26,2022-09-26,maanantai
1365,20220927,2022,3,09,27,2022-09-27,tiistai
1366,20220928,2022,3,09,28,2022-09-28,keskiviikko
1367,20220929,2022,3,09,29,2022-09-29,torstai
1368,20220930,2022,3,09,30,2022-09-30,perjaintai
1369,20221001,2022,4,10,01,2022-10-01,lauantai
1370,20221002,2022,4,10,02,2022-10-02,sunnuntai
1371,20221003,2022,4,10,03,2022-10-03,maanantai
1372,20221004,2022,4,10,04,2022-10-04,tiistai
1373,20221005,2022,4,10,05,2022-10-05,keskiviikko
1374,20221006,2022,4,10,06,2022-10-06,torstai
1375,20221007,2022,4,10,07,2022-10-07,perjaintai
1376,20221008,2022,4,10,08,2022-10-08,lauantai
1377,20221009,2022,4,10,09,2022-10-09,sunnuntai
1378,20221010,2022,4,10,10,2022-10-10,maanantai
1379,20221011,2022,4,10,11,2022-10-11,tiistai
1380,20221012,2022,4,10,12,2022-10-12,keskiviikko
1381,20221013,2022,4,10,13,2022-10-13,torstai
1382,20221014,2022,4,10,14,2022-10-14,perjaintai
1383,20221015,2022,4,10,15,2022-10-15,lauantai
1384,20221016,2022,4,10,16,2022-10-16,sunnuntai
1385,20221017,2022,4,10,17,2022-10-17,maanantai
1386,20221018,2022,4,10,18,2022-10-18,tiistai
1387,20221019,2022,4,10,19,2022-10-19,keskiviikko
1388,20221020,2022,4,10,20,2022-10-20,torstai
1389,20221021,2022,4,10,21,2022-10-21,perjaintai
1390,20221022,2022,4,10,22,2022-10-22,lauantai
1391,20221023,2022,4,10,23,2022-10-23,sunnuntai
1392,20221024,2022,4,10,24,2022-10-24,maanantai
1393,20221025,2022,4,10,25,2022-10-25,tiistai
1394,20221026,2022,4,10,26,2022-10-26,keskiviikko
1395,20221027,2022,4,10,27,2022-10-27,torstai
1396,20221028,2022,4,10,28,2022-10-28,perjaintai
1397,20221029,2022,4,10,29,2022-10-29,lauantai
1398,20221030,2022,4,10,30,2022-10-30,sunnuntai
1399,20221031,2022,4,10,31,2022-10-31,maanantai
1400,20221101,2022,4,11,01,2022-11-01,tiistai
1401,20221102,2022,4,11,02,2022-11-02,keskiviikko
1402,20221103,2022,4,11,03,2022-11-03,torstai
1403,20221104,2022,4,11,04,2022-11-04,perjaintai
1404,20221105,2022,4,11,05,2022-11-05,lauantai
1405,20221106,2022,4,11,06,2022-11-06,sunnuntai
1406,20221107,2022,4,11,07,2022-11-07,maanantai
1407,20221108,2022,4,11,08,2022-11-08,tiistai
1408,20221109,2022,4,11,09,2022-11-09,keskiviikko
1409,20221110,2022,4,11,10,2022-11-10,torstai
1410,20221111,2022,4,11,11,2022-11-11,perjaintai
1411,20221112,2022,4,11,12,2022-11-12,lauantai
1412,20221113,2022,4,11,13,2022-11-13,sunnuntai
1413,20221114,2022,4,11,14,2022-11-14,maanantai
1414,20221115,2022,4,11,15,2022-11-15,tiistai
1415,20221116,2022,4,11,16,2022-11-16,keskiviikko
1416,20221117,2022,4,11,17,2022-11-17,torstai
1417,20221118,2022,4,11,18,2022-11-18,perjaintai
1418,20221119,2022,4,11,19,2022-11-19,lauantai
1419,20221120,2022,4,11,20,2022-11-20,sunnuntai
1420,20221121,2022,4,11,21,2022-11-21,maanantai
1421,20221122,2022,4,11,22,2022-11-22,tiistai
1422,20221123,2022,4,11,23,2022-11-23,keskiviikko
1423,20221124,2022,4,11,24,2022-11-24,torstai
1424,20221125,2022,4,11,25,2022-11-25,perjaintai
1425,20221126,2022,4,11,26,2022-11-26,lauantai
1426,20221127,2022,4,11,27,2022-11-27,sunnuntai
1427,20221128,2022,4,11,28,2022-11-28,maanantai
1428,20221129,2022,4,11,29,2022-11-29,tiistai
1429,20221130,2022,4,11,30,2022-11-30,keskiviikko
1430,20221201,2022,4,12,01,2022-12-01,torstai
1431,20221202,2022,4,12,02,2022-12-02,perjaintai
1432,20221203,2022,4,12,03,2022-12-03,lauantai
1433,20221204,2022,4,12,04,2022-12-04,sunnuntai
1434,20221205,2022,4,12,05,2022-12-05,maanantai
1435,20221206,2022,4,12,06,2022-12-06,tiistai
1436,20221207,2022,4,12,07,2022-12-07,keskiviikko
1437,20221208,2022,4,12,08,2022-12-08,torstai
1438,20221209,2022,4,12,09,2022-12-09,perjaintai
1439,20221210,2022,4,12,10,2022-12-10,lauantai
1440,20221211,2022,4,12,11,2022-12-11,sunnuntai
1441,20221212,2022,4,12,12,2022-12-12,maanantai
1442,20221213,2022,4,12,13,2022-12-13,tiistai
1443,20221214,2022,4,12,14,2022-12-14,keskiviikko
1444,20221215,2022,4,12,15,2022-12-15,torstai
1445,20221216,2022,4,12,16,2022-12-16,perjaintai
1446,20221217,2022,4,12,17,2022-12-17,lauantai
1447,20221218,2022,4,12,18,2022-12-18,sunnuntai
1448,20221219,2022,4,12,19,2022-12-19,maanantai
1449,20221220,2022,4,12,20,2022-12-20,tiistai
1450,20221221,2022,4,12,21,2022-12-21,keskiviikko
1451,20221222,2022,4,12,22,2022-12-22,torstai
1452,20221223,2022,4,12,23,2022-12-23,perjaintai
1453,20221224,2022,4,12,24,2022-12-24,lauantai
1454,20221225,2022,4,12,25,2022-12-25,sunnuntai
1455,20221226,2022,4,12,26,2022-12-26,maanantai
1456,20221227,2022,4,12,27,2022-12-27,tiistai
1457,20221228,2022,4,12,28,2022-12-28,keskiviikko
1458,20221229,2022,4,12,29,2022-12-29,torstai
1459,20221230,2022,4,12,30,2022-12-30,perjaintai
1460,20221231,2022,4,12,31,2022-12-31,lauantai
1461,20230101,2023,1,01,01,2023-01-01,sunnuntai
1462,20230102,2023,1,01,02,2023-01-02,maanantai
1463,20230103,2023,1,01,03,2023-01-03,tiistai
1464,20230104,2023,1,01,04,2023-01-04,keskiviikko
1465,20230105,2023,1,01,05,2023-01-05,torstai
1466,20230106,2023,1,01,06,2023-01-06,perjaintai
1467,20230107,2023,1,01,07,2023-01-07,lauantai
1468,20230108,2023,1,01,08,2023-01-08,sunnuntai
1469,20230109,2023,1,01,09,2023-01-09,maanantai
1470,20230110,2023,1,01,10,2023-01-10,tiistai
1471,20230111,2023,1,01,11,2023-01-11,keskiviikko
1472,20230112,2023,1,01,12,2023-01-12,torstai
1473,20230113,2023,1,01,13,2023-01-13,perjaintai
1474,20230114,2023,1,01,14,2023-01-14,lauantai
1475,20230115,2023,1,01,15,2023-01-15,sunnuntai
1476,20230116,2023,1,01,16,2023-01-16,maanantai
1477,20230117,2023,1,01,17,2023-01-17,tiistai
1478,20230118,2023,1,01,18,2023-01-18,keskiviikko
1479,20230119,2023,1,01,19,2023-01-19,torstai
1480,20230120,2023,1,01,20,2023-01-20,perjaintai
1481,20230121,2023,1,01,21,2023-01-21,lauantai
1482,20230122,2023,1,01,22,2023-01-22,sunnuntai
1483,20230123,2023,1,01,23,2023-01-23,maanantai
1484,20230124,2023,1,01,24,2023-01-24,tiistai
1485,20230125,2023,1,01,25,2023-01-25,keskiviikko
1486,20230126,2023,1,01,26,2023-01-26,torstai
1487,20230127,2023,1,01,27,2023-01-27,perjaintai
1488,20230128,2023,1,01,28,2023-01-28,lauantai
1489,20230129,2023,1,01,29,2023-01-29,sunnuntai
1490,20230130,2023,1,01,30,2023-01-30,maanantai
1491,20230131,2023,1,01,31,2023-01-31,tiistai
1492,20230201,2023,1,02,01,2023-02-01,keskiviikko
1493,20230202,2023,1,02,02,2023-02-02,torstai
1494,20230203,2023,1,02,03,2023-02-03,perjaintai
1495,20230204,2023,1,02,04,2023-02-04,lauantai
1496,20230205,2023,1,02,05,2023-02-05,sunnuntai
1497,20230206,2023,1,02,06,2023-02-06,maanantai
1498,20230207,2023,1,02,07,2023-02-07,tiistai
1499,20230208,2023,1,02,08,2023-02-08,keskiviikko
1500,20230209,2023,1,02,09,2023-02-09,torstai
1501,20230210,2023,1,02,10,2023-02-10,perjaintai
1502,20230211,2023,1,02,11,2023-02-11,lauantai
1503,20230212,2023,1,02,12,2023-02-12,sunnuntai
1504,20230213,2023,1,02,13,2023-02-13,maanantai
1505,20230214,2023,1,02,14,2023-02-14,tiistai
1506,20230215,2023,1,02,15,2023-02-15,keskiviikko
1507,20230216,2023,1,02,16,2023-02-16,torstai
1508,20230217,2023,1,02,17,2023-02-17,perjaintai
1509,20230218,2023,1,02,18,2023-02-18,lauantai
1510,20230219,2023,1,02,19,2023-02-19,sunnuntai
1511,20230220,2023,1,02,20,2023-02-20,maanantai
1512,20230221,2023,1,02,21,2023-02-21,tiistai
1513,20230222,2023,1,02,22,2023-02-22,keskiviikko
1514,20230223,2023,1,02,23,2023-02-23,torstai
1515,20230224,2023,1,02,24,2023-02-24,perjaintai
1516,20230225,2023,1,02,25,2023-02-25,lauantai
1517,20230226,2023,1,02,26,2023-02-26,sunnuntai
1518,20230227,2023,1,02,27,2023-02-27,maanantai
1519,20230228,2023,1,02,28,2023-02-28,tiistai
1520,20230301,2023,1,03,01,2023-03-01,keskiviikko
1521,20230302,2023,1,03,02,2023-03-02,torstai
1522,20230303,2023,1,03,03,2023-03-03,perjaintai
1523,20230304,2023,1,03,04,2023-03-04,lauantai
1524,20230305,2023,1,03,05,2023-03-05,sunnuntai
1525,20230306,2023,1,03,06,2023-03-06,maanantai
1526,20230307,2023,1,03,07,2023-03-07,tiistai
1527,20230308,2023,1,03,08,2023-03-08,keskiviikko
1528,20230309,2023,1,03,09,2023-03-09,torstai
1529,20230310,2023,1,03,10,2023-03-10,perjaintai
1530,20230311,2023,1,03,11,2023-03-11,lauantai
1531,20230312,2023,1,03,12,2023-03-12,sunnuntai
1532,20230313,2023,1,03,13,2023-03-13,maanantai
1533,20230314,2023,1,03,14,2023-03-14,tiistai
1534,20230315,2023,1,03,15,2023-03-15,keskiviikko
1535,20230316,2023,1,03,16,2023-03-16,torstai
1536,20230317,2023,1,03,17,2023-03-17,perjaintai
1537,20230318,2023,1,03,18,2023-03-18,lauantai
1538,20230319,2023,1,03,19,2023-03-19,sunnuntai
1539,20230320,2023,1,03,20,2023-03-20,maanantai
1540,20230321,2023,1,03,21,2023-03-21,tiistai
1541,20230322,2023,1,03,22,2023-03-22,keskiviikko
1542,20230323,2023,1,03,23,2023-03-23,torstai
1543,20230324,2023,1,03,24,2023-03-24,perjaintai
1544,20230325,2023,1,03,25,2023-03-25,lauantai
1545,20230326,2023,1,03,26,2023-03-26,sunnuntai
1546,20230327,2023,1,03,27,2023-03-27,maanantai
1547,20230328,2023,1,03,28,2023-03-28,tiistai
1548,20230329,2023,1,03,29,2023-03-29,keskiviikko
1549,20230330,2023,1,03,30,2023-03-30,torstai
1550,20230331,2023,1,03,31,2023-03-31,perjaintai
1551,20230401,2023,2,04,01,2023-04-01,lauantai
1552,20230402,2023,2,04,02,2023-04-02,sunnuntai
1553,20230403,2023,2,04,03,2023-04-03,maanantai
1554,20230404,2023,2,04,04,2023-04-04,tiistai
1555,20230405,2023,2,04,05,2023-04-05,keskiviikko
1556,20230406,2023,2,04,06,2023-04-06,torstai
1557,20230407,2023,2,04,07,2023-04-07,perjaintai
1558,20230408,2023,2,04,08,2023-04-08,lauantai
1559,20230409,2023,2,04,09,2023-04-09,sunnuntai
1560,20230410,2023,2,04,10,2023-04-10,maanantai
1561,20230411,2023,2,04,11,2023-04-11,tiistai
1562,20230412,2023,2,04,12,2023-04-12,keskiviikko
1563,20230413,2023,2,04,13,2023-04-13,torstai
1564,20230414,2023,2,04,14,2023-04-14,perjaintai
1565,20230415,2023,2,04,15,2023-04-15,lauantai
1566,20230416,2023,2,04,16,2023-04-16,sunnuntai
1567,20230417,2023,2,04,17,2023-04-17,maanantai
1568,20230418,2023,2,04,18,2023-04-18,tiistai
1569,20230419,2023,2,04,19,2023-04-19,keskiviikko
1570,20230420,2023,2,04,20,2023-04-20,torstai
1571,20230421,2023,2,04,21,2023-04-21,perjaintai
1572,20230422,2023,2,04,22,2023-04-22,lauantai
1573,20230423,2023,2,04,23,2023-04-23,sunnuntai
1574,20230424,2023,2,04,24,2023-04-24,maanantai
1575,20230425,2023,2,04,25,2023-04-25,tiistai
1576,20230426,2023,2,04,26,2023-04-26,keskiviikko
1577,20230427,2023,2,04,27,2023-04-27,torstai
1578,20230428,2023,2,04,28,2023-04-28,perjaintai
1579,20230429,2023,2,04,29,2023-04-29,lauantai
1580,20230430,2023,2,04,30,2023-04-30,sunnuntai
1581,20230501,2023,2,05,01,2023-05-01,maanantai
1582,20230502,2023,2,05,02,2023-05-02,tiistai
1583,20230503,2023,2,05,03,2023-05-03,keskiviikko
1584,20230504,2023,2,05,04,2023-05-04,torstai
1585,20230505,2023,2,05,05,2023-05-05,perjaintai
1586,20230506,2023,2,05,06,2023-05-06,lauantai
1587,20230507,2023,2,05,07,2023-05-07,sunnuntai
1588,20230508,2023,2,05,08,2023-05-08,maanantai
1589,20230509,2023,2,05,09,2023-05-09,tiistai
1590,20230510,2023,2,05,10,2023-05-10,keskiviikko
1591,20230511,2023,2,05,11,2023-05-11,torstai
1592,20230512,2023,2,05,12,2023-05-12,perjaintai
1593,20230513,2023,2,05,13,2023-05-13,lauantai
1594,20230514,2023,2,05,14,2023-05-14,sunnuntai
1595,20230515,2023,2,05,15,2023-05-15,maanantai
1596,20230516,2023,2,05,16,2023-05-16,tiistai
1597,20230517,2023,2,05,17,2023-05-17,keskiviikko
1598,20230518,2023,2,05,18,2023-05-18,torstai
1599,20230519,2023,2,05,19,2023-05-19,perjaintai
1600,20230520,2023,2,05,20,2023-05-20,lauantai
1601,20230521,2023,2,05,21,2023-05-21,sunnuntai
1602,20230522,2023,2,05,22,2023-05-22,maanantai
1603,20230523,2023,2,05,23,2023-05-23,tiistai
1604,20230524,2023,2,05,24,2023-05-24,keskiviikko
1605,20230525,2023,2,05,25,2023-05-25,torstai
1606,20230526,2023,2,05,26,2023-05-26,perjaintai
1607,20230527,2023,2,05,27,2023-05-27,lauantai
1608,20230528,2023,2,05,28,2023-05-28,sunnuntai
1609,20230529,2023,2,05,29,2023-05-29,maanantai
1610,20230530,2023,2,05,30,2023-05-30,tiistai
1611,20230531,2023,2,05,31,2023-05-31,keskiviikko
